16010110001,曹初臣,22,TE,11,zhu1
16010110002,昌黄彼,19,TE,11,zhu3
16010110003,费年何,22,TE,11,zhu1
16010110004,邹女臣,19,TE,11,zhu1
16010110005,水京精,19,TE,11,zhu2
16010110006,苏楚田,21,TE,11,zhu2
16010110007,范楚是,21,TE,11,zhu2
16010110008,李神告,21,TE,11,zhu2
16010110009,奚斯思,21,TE,11,zhu3
16010110010,魏作归,22,TE,11,zhu3
16010110011,吴遂马,19,TE,11,zhu2
16010110012,魏洛臣,22,TE,11,zhu3
16010110013,魏水驾,22,TE,11,zhu4
16010110014,华黄焉,22,TE,11,zhu3
16010110015,韩黄阳,22,TE,11,zhu2
16010110016,史斯洛,19,TE,11,zhu4
16010110017,汤遂越,22,TE,11,zhu3
16010110018,陶玉驾,18,TE,11,zhu2
16010110019,冯还归,22,TE,11,zhu2
16010110020,云朝俯,23,TE,11,zhu2
16010110021,金曰仰,22,TE,11,zhu4
16010110022,柳之所,22,TE,11,zhu2
16010110023,曹神也,18,TE,11,zhu1
16010110024,尤楚辕,22,TE,11,zhu2
16010110025,郑事伊,18,TE,11,zhu3
16010110026,戚师臣,19,TE,11,zhu1
16010110027,沈余乃,22,TE,11,zhu3
16010110028,郑水愿,22,TE,11,zhu4
16010110029,杨事状,18,TE,11,zhu1
16010110030,郎人陵,22,TE,11,zhu1
16010110031,王师藩,23,TE,11,zhu1
16010110032,吴济俯,18,TE,11,zhu1
16010110033,廉其丽,23,TE,11,zhu1
16010110034,卫宓秣,22,TE,11,zhu1
16010110035,褚京乎,19,TE,11,zhu4
16010110036,马斯未,23,TE,11,zhu1
16010110037,倪还乎,20,TE,11,zhu3
16010110038,郑曰何,19,TE,11,zhu4
16010110039,岑之而,22,TE,11,zhu3
16010110040,吴年者,23,TE,11,zhu2
16010110041,周师之,22,TE,11,zhu1
16010110042,孙其辕,22,TE,11,zhu4
16010110043,陶京背,22,TE,11,zhu1
16010110044,戚川散,21,TE,11,zhu3
16010110045,褚对尔,21,TE,11,zhu1
16010110046,邹感此,19,TE,11,zhu2
16010110047,陶年见,18,TE,11,zhu2
16010110048,方朝乃,21,TE,11,zhu1
16010110049,钱妃艳,18,TE,11,zhu2
16010110050,冯赋若,21,TE,11,zhu2
16010110051,水京者,22,TE,11,zhu4
16010110052,汤斯 ,21,TE,11,zhu1
16010110053,柏言而,19,TE,11,zhu4
16010110054,奚之对,23,TE,11,zhu2
16010110055,陈之尔,23,TE,11,zhu2
16010110056,周斯畔,18,TE,11,zhu1
16010110057,史玉彼,23,TE,11,zhu3
16010110058,云之经,20,TE,11,zhu1
16010110059,谢神若,22,TE,11,zhu4
16010110060,袁曰所,23,TE,11,zhu2
16010110061,凤朝无,19,TE,11,zhu3
16010110062,姜之告,18,TE,11,zhu3
16010110063,周感若,18,TE,11,zhu1
16010110064,郎曰斯,18,TE,11,zhu3
16010110065,严川而,23,TE,11,zhu2
16010110066,彭妃愿,20,TE,11,zhu1
16010110067,鲁川丽,22,TE,11,zhu2
16010110068,冯有乃,20,TE,11,zhu3
16010110069,汤水尔,23,TE,11,zhu4
16010110070,曹古岩,20,TE,11,zhu3
16010110071,秦黄烦,21,TE,11,zhu2
16010110072,鲁言人,18,TE,11,zhu2
16010110073,施斯艳,20,TE,11,zhu4
16010110074,冯事越,23,TE,11,zhu2
16010110075,吴济于,21,TE,11,zhu2
16010110076,施之骇,21,TE,11,zhu2
16010110077,姜玉王,19,TE,11,zhu4
16010110078,薛神之,23,TE,11,zhu1
16010110079,谢玉其,18,TE,11,zhu2
16010110080,褚遂归,22,TE,11,zhu1
16010110081,蒋川东,23,TE,11,zhu4
16010110082,葛京御,18,TE,11,zhu4
16010110083,窦玉愿,19,TE,11,zhu2
16010110084,严还闻,19,TE,11,zhu1
16010110085,谢赋乃,20,TE,11,zhu1
16010110086,奚女思,22,TE,11,zhu4
16010110087,冯玉之,18,TE,11,zhu3
16010110088,钱古乎,20,TE,11,zhu2
16010110089,廉作乃,22,TE,11,zhu2
16010110090,施神若,18,TE,11,zhu2
16010110091,汤王景,20,TE,11,zhu4
16010110092,钱楚者,19,TE,11,zhu2
16010110093,雷作乃,22,TE,11,zhu1
16010110094,钱水曰,23,TE,11,zhu3
16010110095,雷楚日,21,TE,11,zhu2
16010110096,钱神阳,18,TE,11,zhu2
16010110097,周洛俯,20,TE,11,zhu1
16010110098,谢女于,22,TE,11,zhu1
16010110099,陈赋移,18,TE,11,zhu3
16010110100,金朝伊,19,TE,11,zhu4
16010110101,潘遂眄,23,TE,11,zhu4
16010110102,曹人则,21,TE,11,zhu4
16010110103,葛济余,20,TE,11,zhu1
16010110104,云水芝,19,TE,11,zhu1
16010110105,张朝尔,21,TE,11,zhu3
16010110106,韩还之,23,TE,11,zhu2
16010110107,彭宋宓,22,TE,11,zhu3
16010120001,华黄经,20,TE,12,zhu2
16010120002,褚赋是,20,TE,12,zhu4
16010120003,吕有人,18,TE,12,zhu2
16010120004,李三艳,20,TE,12,zhu2
16010120005,薛作则,21,TE,12,zhu2
16010120006,彭济仰,22,TE,12,zhu4
16010120007,冯感察,19,TE,12,zhu4
16010120008,田还既,21,TE,12,zhu4
16010120009,王宋殊,18,TE,12,zhu3
16010120010,郎三车,23,TE,12,zhu1
16010120011,章三倾,19,TE,12,zhu1
16010120012,章玉乎,22,TE,12,zhu4
16010120013,曹水经,20,TE,12,zhu4
16010120014,薛还与,23,TE,12,zhu1
16010120015,柳对俯,19,TE,12,zhu3
16010120016,金楚归,22,TE,12,zhu3
16010120017,孙川乎,19,TE,12,zhu4
16010120018,窦古名,22,TE,12,zhu1
16010120019,钱玉伊,20,TE,12,zhu3
16010120020,方楚于,22,TE,12,zhu1
16010120021,魏水散,23,TE,12,zhu3
16010120022,酆师与,19,TE,12,zhu4
16010120023,郑黄无,23,TE,12,zhu1
16010120024,水作御,19,TE,12,zhu2
16010120025,陶年山,20,TE,12,zhu4
16010120026,金辞通,23,TE,12,zhu2
16010120027,窦人乃,18,TE,12,zhu4
16010120028,柳黄乃,22,TE,12,zhu2
16010120029,沈感闻,22,TE,12,zhu4
16010120030,吴水川,20,TE,12,zhu3
16010120031,凤之神,21,TE,12,zhu2
16010120032,倪名也,19,TE,12,zhu3
16010120033,孔神言,18,TE,12,zhu1
16010120034,鲍水乎,23,TE,12,zhu3
16010120035,李名忽,22,TE,12,zhu3
16010120036,陈宋忽,22,TE,12,zhu4
16010120037,喻名尔,21,TE,12,zhu3
16010120038,彭洛殆,23,TE,12,zhu2
16010120039,何黄景,23,TE,12,zhu3
16010120040,葛初容,21,TE,12,zhu4
16010120041,花辞乎,18,TE,12,zhu2
16010120042,王三见,20,TE,12,zhu3
16010120043,方古乎,19,TE,12,zhu2
16010120044,李玉御,20,TE,12,zhu3
16010120045,岑余御,21,TE,12,zhu4
16010120046,汤曰乎,19,TE,12,zhu3
16010120047,窦遂驷,19,TE,12,zhu3
16010120048,郑之曰,22,TE,12,zhu2
16010120049,苏感宓,20,TE,12,zhu1
16010120050,窦济驾,19,TE,12,zhu4
16010120051,赵作通,22,TE,12,zhu1
16010120052,许对谷,20,TE,12,zhu3
16010120053,倪作乎,23,TE,12,zhu2
16010120054,何神京,21,TE,12,zhu2
16010120055,贺楚者,21,TE,12,zhu1
16010120056,谢对名,18,TE,12,zhu1
16010120057,蒋初林,22,TE,12,zhu3
16010120058,窦师于,23,TE,12,zhu4
16010120059,俞赋御,19,TE,12,zhu1
16010120060,蒋宓未,23,TE,12,zhu4
16010120061,郑感神,21,TE,12,zhu4
16010120062,苗其者,23,TE,12,zhu4
16010120063,方济乎,19,TE,12,zhu1
16010120064,华洛王,22,TE,12,zhu3
16010120065,沈师曰,18,TE,12,zhu1
16010120066,卫言洛,23,TE,12,zhu4
16010120067,戚之殊,21,TE,12,zhu2
16010120068,葛宓烦,19,TE,12,zhu3
16010120069,倪感者,20,TE,12,zhu2
16010120070,潘洛神,20,TE,12,zhu2
16010120071,沈黄之,21,TE,12,zhu2
16010120072,任女芝,22,TE,12,zhu2
16010120073,袁宋景,23,TE,12,zhu1
16010120074,戚年 ,22,TE,12,zhu3
16010120075,薛对洛,19,TE,12,zhu2
16010120076,廉朝未,21,TE,12,zhu1
16010120077,韩楚尔,19,TE,12,zhu1
16010120078,沈对精,23,TE,12,zhu3
16010120079,王玉闻,21,TE,12,zhu4
16010120080,范京一,20,TE,12,zhu1
16010120081,陶之见,20,TE,12,zhu3
16010120082,蒋有状,22,TE,12,zhu3
16010120083,彭宋此,20,TE,12,zhu2
16010120084,吕曰既,19,TE,12,zhu3
16010120085,鲁宋马,23,TE,12,zhu2
16010120086,许遂驷,19,TE,12,zhu1
16010120087,戚王名,21,TE,12,zhu4
16010120088,方还俯,19,TE,12,zhu1
16010120089,鲍三之,21,TE,12,zhu3
16010120090,柳年移,18,TE,12,zhu2
16010120091,何作而,19,TE,12,zhu3
16010120092,贺遂睹,23,TE,12,zhu3
16010120093,何有御,21,TE,12,zhu2
16010120094,李神从,22,TE,12,zhu2
16010120095,蒋辞陵,22,TE,12,zhu3
16010120096,吕感归,21,TE,12,zhu4
16010120097,韩人容,19,TE,12,zhu1
16010120098,奚黄则,20,TE,12,zhu4
16010120099,孙作观,23,TE,12,zhu2
16010120100,汤女睹,19,TE,12,zhu4
16010120101,孙赋畔,22,TE,12,zhu3
16010120102,鲍斯通,19,TE,12,zhu3
16010120103,卫对山,20,TE,12,zhu3
16010120104,王感岩,19,TE,12,zhu4
16010120105,周玉林,18,TE,12,zhu2
16010120106,吴对之,18,TE,12,zhu3
16010120107,严对俯,19,TE,12,zhu4
16010130001,葛言臣,19,TE,13,zhu2
16010130002,花楚言,23,TE,13,zhu1
16010130003,韦宋税,22,TE,13,zhu2
16010130004,韦之则,20,TE,13,zhu4
16010130005,陶言妃,21,TE,13,zhu4
16010130006,吴之者,19,TE,13,zhu3
16010130007,孙之尔,18,TE,13,zhu4
16010130008,陶妃未,19,TE,13,zhu2
16010130009,凤斯状,20,TE,13,zhu3
16010130010,秦川何,20,TE,13,zhu1
16010130011,喻余何,22,TE,13,zhu2
16010130012,贺初丽,20,TE,13,zhu1
16010130013,奚斯忽,19,TE,13,zhu3
16010130014,吴玉则,19,TE,13,zhu1
16010130015,苏宋经,18,TE,13,zhu4
16010130016,鲁年秣,20,TE,13,zhu3
16010130017,钱黄伊,20,TE,13,zhu2
16010130018,周事川,21,TE,13,zhu3
16010130019,云师臣,21,TE,13,zhu3
16010130020,钱余陵,19,TE,13,zhu4
16010130021,曹宋马,20,TE,13,zhu3
16010130022,喻王容,21,TE,13,zhu2
16010130023,彭初越,19,TE,13,zhu3
16010130024,汤古乃,23,TE,13,zhu2
16010130025,酆宋也,18,TE,13,zhu2
16010130026,柳水河,21,TE,13,zhu4
16010130027,李三川,23,TE,13,zhu1
16010130028,郑人彼,22,TE,13,zhu1
16010130029,严玉闻,22,TE,13,zhu4
16010130030,钱楚谷,21,TE,13,zhu1
16010130031,冯宋散,20,TE,13,zhu4
16010130032,王济畔,23,TE,13,zhu3
16010130033,陶作妃,21,TE,13,zhu2
16010130034,王名斯,23,TE,13,zhu1
16010130035,唐神曰,18,TE,13,zhu2
16010130036,雷辞则,19,TE,13,zhu2
16010130037,马楚觌,18,TE,13,zhu4
16010130038,卫年曰,18,TE,13,zhu3
16010130039,窦赋者,19,TE,13,zhu1
16010130040,柳斯乎,19,TE,13,zhu2
16010130041,吴济乃,18,TE,13,zhu3
16010130042,任有日,21,TE,13,zhu4
16010130043,酆朝畔,18,TE,13,zhu4
16010130044,倪宋乃,21,TE,13,zhu1
16010130045,孔作田,18,TE,13,zhu2
16010130046,田师而,20,TE,13,zhu1
16010130047,戚初而,20,TE,13,zhu1
16010130048,廉言川,23,TE,13,zhu2
16010130049,沈初御,23,TE,13,zhu4
16010130050,鲁宋洛,22,TE,13,zhu3
16010130051,朱朝谷,20,TE,13,zhu4
16010130052,姜对山,19,TE,13,zhu3
16010130053,郑宓从,23,TE,13,zhu4
16010130054,钱辞则,22,TE,13,zhu3
16010130055,朱言秣,23,TE,13,zhu3
16010130056,陈黄曰,20,TE,13,zhu2
16010130057,钱宓殊,18,TE,13,zhu4
16010130058,钱宓俯,20,TE,13,zhu2
16010130059,姜师一,23,TE,13,zhu2
16010130060,李作之,22,TE,13,zhu4
16010130061,朱遂域,22,TE,13,zhu3
16010130062,奚遂东,22,TE,13,zhu4
16010130063,谢年闻,20,TE,13,zhu4
16010130064,尤作乃,23,TE,13,zhu1
16010130065,彭余何,21,TE,13,zhu4
16010130066,田川与,22,TE,13,zhu4
16010130067,汤宋艳,23,TE,13,zhu3
16010130068,王感言,23,TE,13,zhu4
16010130069,费名是,22,TE,13,zhu3
16010130070,吴其散,21,TE,13,zhu1
16010130071,贺玉精,20,TE,13,zhu3
16010130072,苗师睹,23,TE,13,zhu3
16010130073,陶人蘅,20,TE,13,zhu1
16010130074,李赋田,20,TE,13,zhu3
16010130075,王遂言,19,TE,13,zhu3
16010130076,韦辞尔,22,TE,13,zhu3
16010130077,戚对臣,19,TE,13,zhu1
16010130078,陈初未,23,TE,13,zhu1
16010130079,魏济斯,22,TE,13,zhu4
16010130080,马斯倾,22,TE,13,zhu2
16010130081,袁神田,18,TE,13,zhu2
16010130082,水楚乎,23,TE,13,zhu4
16010130083,韦之归,23,TE,13,zhu3
16010130084,谢水何,22,TE,13,zhu1
16010130085,王宋与,19,TE,13,zhu4
16010130086,李宓状,22,TE,13,zhu4
16010130087,柏言也,19,TE,13,zhu3
16010130088,凤宋之,19,TE,13,zhu2
16010130089,郑水之,21,TE,13,zhu4
16010130090,孙之然,18,TE,13,zhu3
16010130091,葛水于,21,TE,13,zhu1
16010130092,周宋与,18,TE,13,zhu3
16010130093,史玉彼,19,TE,13,zhu2
16010130094,雷之乎,20,TE,13,zhu4
16010130095,薛宓于,22,TE,13,zhu2
16010130096,唐名皋,23,TE,13,zhu4
16010130097,俞其背,21,TE,13,zhu1
16010130098,卫曰伊,23,TE,13,zhu1
16010130099,马还若,22,TE,13,zhu4
16010130100,金三者,18,TE,13,zhu1
16010130101,陶言是,20,TE,13,zhu2
16010130102,陈洛流,23,TE,13,zhu2
16010130103,俞黄斯,20,TE,13,zhu4
16010130104,蒋京税,20,TE,13,zhu1
16010130105,袁济容,20,TE,13,zhu1
16010130106,曹年容,22,TE,13,zhu2
16010130107,柳川者,21,TE,13,zhu1
16010140001,薛斯河,21,TE,14,zhu2
16010140002,岑人见,23,TE,14,zhu3
16010140003,曹曰乃,20,TE,14,zhu2
16010140004,陈古马,22,TE,14,zhu4
16010140005,韦感神,18,TE,14,zhu1
16010140006,章王者,21,TE,14,zhu2
16010140007,柳人之,22,TE,14,zhu4
16010140008,苏京一,23,TE,14,zhu2
16010140009,凤余与,18,TE,14,zhu3
16010140010,李朝日,23,TE,14,zhu4
16010140011,袁之以,18,TE,14,zhu4
16010140012,陈宓此,22,TE,14,zhu4
16010140013,奚王御,18,TE,14,zhu2
16010140014,吴年眄,23,TE,14,zhu3
16010140015,卫古阳,22,TE,14,zhu2
16010140016,施名其,20,TE,14,zhu3
16010140017,花三尔,19,TE,14,zhu3
16010140018,孙还轘,22,TE,14,zhu3
16010140019,褚还河,21,TE,14,zhu3
16010140020,雷水乎,23,TE,14,zhu2
16010140021,卫济何,19,TE,14,zhu1
16010140022,赵事域,18,TE,14,zhu3
16010140023,窦女骇,18,TE,14,zhu2
16010140024,陈曰援,18,TE,14,zhu3
16010140025,褚赋之,21,TE,14,zhu4
16010140026,花川东,18,TE,14,zhu4
16010140027,秦古斯,21,TE,14,zhu4
16010140028,潘其乎,18,TE,14,zhu1
16010140029,章作则,23,TE,14,zhu4
16010140030,孔作殆,20,TE,14,zhu1
16010140031,费感若,20,TE,14,zhu4
16010140032,施还殆,23,TE,14,zhu4
16010140033,魏名乎,22,TE,14,zhu2
16010140034,葛有乎,22,TE,14,zhu3
16010140035,苗遂容,20,TE,14,zhu4
16010140036,卫辞精,19,TE,14,zhu4
16010140037,谢作 ,21,TE,14,zhu4
16010140038,施言河,19,TE,14,zhu3
16010140039,史斯越,20,TE,14,zhu4
16010140040,姜之曰,23,TE,14,zhu1
16010140041,吴曰于,20,TE,14,zhu2
16010140042,华名蘅,19,TE,14,zhu4
16010140043,花宋散,22,TE,14,zhu2
16010140044,金女状,20,TE,14,zhu2
16010140045,赵有京,19,TE,14,zhu2
16010140046,云黄状,21,TE,14,zhu4
16010140047,凤斯河,20,TE,14,zhu2
16010140048,贺遂则,18,TE,14,zhu4
16010140049,贺感东,23,TE,14,zhu4
16010140050,韦其越,23,TE,14,zhu4
16010140051,郎还于,19,TE,14,zhu1
16010140052,薛济而,23,TE,14,zhu4
16010140053,方有闻,18,TE,14,zhu1
16010140054,唐黄税,19,TE,14,zhu3
16010140055,尤遂神,21,TE,14,zhu3
16010140056,钱楚援,18,TE,14,zhu4
16010140057,陶有芝,18,TE,14,zhu4
16010140058,金其彼,21,TE,14,zhu1
16010140059,李之余,19,TE,14,zhu3
16010140060,潘之尔,19,TE,14,zhu2
16010140061,彭有者,20,TE,14,zhu2
16010140062,水遂畔,21,TE,14,zhu3
16010140063,薛赋则,23,TE,14,zhu4
16010140064,华三阙,23,TE,14,zhu2
16010140065,王事西,21,TE,14,zhu2
16010140066,史作是,21,TE,14,zhu1
16010140067,韦对散,18,TE,14,zhu1
16010140068,柳朝观,21,TE,14,zhu4
16010140069,柏朝状,20,TE,14,zhu4
16010140070,云人艳,19,TE,14,zhu1
16010140071,金曰之,19,TE,14,zhu2
16010140072,钱济人,21,TE,14,zhu2
16010140073,邹事俯,18,TE,14,zhu3
16010140074,酆事阙,18,TE,14,zhu4
16010140075,雷余则,22,TE,14,zhu1
16010140076,孙遂之,18,TE,14,zhu2
16010140077,卫其林,20,TE,14,zhu3
16010140078,王余于,22,TE,14,zhu1
16010140079,方斯之,23,TE,14,zhu2
16010140080,赵余曰,20,TE,14,zhu4
16010140081,赵之驷,20,TE,14,zhu4
16010140082,金三乃,22,TE,14,zhu4
16010140083,汤余然,19,TE,14,zhu1
16010140084,苏感倾,23,TE,14,zhu3
16010140085,沈古洛,19,TE,14,zhu2
16010140086,酆余曰,22,TE,14,zhu4
16010140087,杨宓人,22,TE,14,zhu3
16010140088,卫斯域,22,TE,14,zhu3
16010140089,章古何,19,TE,14,zhu3
16010140090,王名乃,18,TE,14,zhu2
16010140091,花妃丽,18,TE,14,zhu2
16010140092,柳神倾,19,TE,14,zhu3
16010140093,郑宓有,23,TE,14,zhu3
16010140094,吕之名,20,TE,14,zhu2
16010140095,周名仰,18,TE,14,zhu2
16010140096,范古车,20,TE,14,zhu1
16010140097,奚还秣,23,TE,14,zhu2
16010140098,窦作京,19,TE,14,zhu1
16010140099,施曰越,19,TE,14,zhu3
16010140100,朱事岩,18,TE,14,zhu2
16010140101,周宋域,21,TE,14,zhu1
16010140102,范宓对,23,TE,14,zhu4
16010140103,贺楚丽,19,TE,14,zhu2
16010140104,倪其于,19,TE,14,zhu3
16010140105,任事殆,22,TE,14,zhu4
16010140106,曹朝若,18,TE,14,zhu4
16010140107,钱赋洛,21,TE,14,zhu2
16020110001,雷神辕,20,EE,11,zhu4
16020110002,潘之乎,19,EE,11,zhu4
16020110003,窦朝川,20,EE,11,zhu1
16020110004,鲍朝西,19,EE,11,zhu2
16020110005,谢初京,23,EE,11,zhu1
16020110006,戚曰于,19,EE,11,zhu2
16020110007,金之此,19,EE,11,zhu1
16020110008,柏神伊,23,EE,11,zhu2
16020110009,王辞乎,18,EE,11,zhu2
16020110010,苏宓忽,20,EE,11,zhu4
16020110011,费古通,20,EE,11,zhu1
16020110012,戚人东,19,EE,11,zhu2
16020110013,钱神彼,23,EE,11,zhu2
16020110014,苏川尔,20,EE,11,zhu3
16020110015,花名之,22,EE,11,zhu2
16020110016,张之与,21,EE,11,zhu3
16020110017,俞其归,22,EE,11,zhu1
16020110018,彭作归,22,EE,11,zhu1
16020110019,王之驷,22,EE,11,zhu2
16020110020,范初乃,21,EE,11,zhu1
16020110021,赵黄则,20,EE,11,zhu2
16020110022,郑古御,18,EE,11,zhu1
16020110023,沈对通,20,EE,11,zhu4
16020110024,郑余者,18,EE,11,zhu4
16020110025,施名御,20,EE,11,zhu1
16020110026,杨斯而,22,EE,11,zhu2
16020110027,秦妃臣,20,EE,11,zhu2
16020110028,钱之御,18,EE,11,zhu3
16020110029,华曰若,23,EE,11,zhu4
16020110030,倪对然,20,EE,11,zhu2
16020110031,赵斯移,21,EE,11,zhu3
16020110032,朱京御,20,EE,11,zhu2
16020110033,章济斯,19,EE,11,zhu1
16020110034,任遂于,23,EE,11,zhu2
16020110035,姜赋倾,19,EE,11,zhu2
16020110036,尤之何,20,EE,11,zhu4
16020110037,李川仰,22,EE,11,zhu2
16020110038,花黄阳,23,EE,11,zhu4
16020110039,赵对川,21,EE,11,zhu3
16020110040,马辞林,22,EE,11,zhu1
16020110041,王楚伊,20,EE,11,zhu1
16020110042,酆辞之,20,EE,11,zhu4
16020110043,潘济宓,19,EE,11,zhu1
16020110044,周古驷,23,EE,11,zhu1
16020110045,冯师之,21,EE,11,zhu4
16020110046,赵有阳,19,EE,11,zhu4
16020110047,薛女蘅,21,EE,11,zhu2
16020110048,秦之乃,22,EE,11,zhu4
16020110049,周余曰,19,EE,11,zhu3
16020110050,秦遂观,23,EE,11,zhu4
16020110051,鲁初有,18,EE,11,zhu2
16020110052,郎王彼,22,EE,11,zhu2
16020110053,王京之,20,EE,11,zhu2
16020110054,陈之君,21,EE,11,zhu4
16020110055,褚女之,19,EE,11,zhu1
16020110056,赵三之,19,EE,11,zhu3
16020110057,王斯则,19,EE,11,zhu2
16020110058,周曰若,23,EE,11,zhu3
16020110059,王对察,23,EE,11,zhu4
16020110060,喻斯乃,20,EE,11,zhu1
16020110061,苗王是,22,EE,11,zhu4
16020110062,贺女此,21,EE,11,zhu1
16020110063,郑妃骇,23,EE,11,zhu3
16020110064,沈济之,20,EE,11,zhu3
16020110065,岑人林,21,EE,11,zhu1
16020110066,郑之于,21,EE,11,zhu3
16020110067,杨古轘,19,EE,11,zhu4
16020110068,韩黄斯,18,EE,11,zhu1
16020110069,倪川是,22,EE,11,zhu1
16020110070,酆曰谷,23,EE,11,zhu2
16020110071,陈名闻,21,EE,11,zhu4
16020110072,费赋彼,22,EE,11,zhu3
16020110073,周古西,22,EE,11,zhu2
16020110074,田之乎,19,EE,11,zhu2
16020110075,方楚宓,18,EE,11,zhu4
16020110076,奚妃车,23,EE,11,zhu3
16020110077,薛余乃,23,EE,11,zhu3
16020110078,岑曰精,18,EE,11,zhu3
16020110079,任事林,22,EE,11,zhu3
16020110080,郎洛既,23,EE,11,zhu2
16020110081,王玉驷,23,EE,11,zhu3
16020110082,苏古闻,19,EE,11,zhu4
16020110083,费赋人,18,EE,11,zhu4
16020110084,钱作谷,20,EE,11,zhu4
16020110085,王京有,20,EE,11,zhu1
16020110086,苏王御,21,EE,11,zhu3
16020110087,田曰此,22,EE,11,zhu3
16020110088,严师移,20,EE,11,zhu1
16020110089,范曰于,18,EE,11,zhu4
16020110090,任女归,20,EE,11,zhu2
16020110091,韩宋臣,20,EE,11,zhu1
16020110092,鲁辞何,22,EE,11,zhu4
16020110093,褚洛未,21,EE,11,zhu3
16020110094,任辞皋,23,EE,11,zhu3
16020110095,何京京,22,EE,11,zhu1
16020110096,施斯此,22,EE,11,zhu1
16020110097,苏三乎,18,EE,11,zhu4
16020110098,郑余尔,18,EE,11,zhu2
16020110099,俞王陵,21,EE,11,zhu2
16020110100,苗济之,20,EE,11,zhu1
16020110101,韩古丽,22,EE,11,zhu4
16020110102,周言神,22,EE,11,zhu2
16020110103,倪妃则,19,EE,11,zhu4
16020110104,岑水闻,22,EE,11,zhu3
16020110105,孔黄殊,20,EE,11,zhu2
16020110106,费斯京,20,EE,11,zhu4
16020110107,彭有殊,19,EE,11,zhu4
16020120001,喻曰何,22,EE,12,zhu4
16020120002,王济觌,18,EE,12,zhu2
16020120003,贺妃则,18,EE,12,zhu2
16020120004,韩遂洛,22,EE,12,zhu3
16020120005,马古驷,22,EE,12,zhu1
16020120006,魏王之,20,EE,12,zhu2
16020120007,昌楚京,20,EE,12,zhu2
16020120008,柏其乎,19,EE,12,zhu3
16020120009,方年蘅,19,EE,12,zhu4
16020120010,袁余于,23,EE,12,zhu3
16020120011,陈对人,18,EE,12,zhu3
16020120012,俞黄彼,21,EE,12,zhu4
16020120013,陶有陵,23,EE,12,zhu4
16020120014,马古若,19,EE,12,zhu1
16020120015,葛黄乎,19,EE,12,zhu2
16020120016,冯人辕,21,EE,12,zhu3
16020120017,章宋越,19,EE,12,zhu4
16020120018,贺三妃,23,EE,12,zhu1
16020120019,苏之流,19,EE,12,zhu3
16020120020,郑感丽,22,EE,12,zhu3
16020120021,曹人乃,18,EE,12,zhu3
16020120022,钱楚何,23,EE,12,zhu4
16020120023,赵玉日,18,EE,12,zhu1
16020120024,彭之林,21,EE,12,zhu2
16020120025,华宓闻,21,EE,12,zhu4
16020120026,郑川经,22,EE,12,zhu3
16020120027,卫还与,20,EE,12,zhu1
16020120028,施还畔,19,EE,12,zhu3
16020120029,费神以,20,EE,12,zhu2
16020120030,孙宓与,22,EE,12,zhu2
16020120031,花楚俯,18,EE,12,zhu4
16020120032,孙言之,23,EE,12,zhu1
16020120033,葛初于,20,EE,12,zhu1
16020120034,褚女殆,20,EE,12,zhu1
16020120035,卫宋闻,19,EE,12,zhu2
16020120036,岑感轘,19,EE,12,zhu2
16020120037,陶遂之,20,EE,12,zhu3
16020120038,喻赋于,23,EE,12,zhu3
16020120039,杨女乎,23,EE,12,zhu1
16020120040,窦玉宓,23,EE,12,zhu2
16020120041,薛朝状,22,EE,12,zhu3
16020120042,张京若,19,EE,12,zhu4
16020120043,倪名殊,21,EE,12,zhu2
16020120044,彭赋之,23,EE,12,zhu1
16020120045,张名殆,18,EE,12,zhu3
16020120046,奚三何,19,EE,12,zhu3
16020120047,吴感人,19,EE,12,zhu2
16020120048,蒋宋御,21,EE,12,zhu3
16020120049,马初移,23,EE,12,zhu1
16020120050,吴济名,22,EE,12,zhu3
16020120051,陶余尔,21,EE,12,zhu3
16020120052,王其睹,20,EE,12,zhu1
16020120053,孔作神,21,EE,12,zhu1
16020120054,郑年既,19,EE,12,zhu4
16020120055,彭名烦,23,EE,12,zhu4
16020120056,鲁之阳,18,EE,12,zhu1
16020120057,任赋其,21,EE,12,zhu2
16020120058,严师从,18,EE,12,zhu3
16020120059,秦济若,21,EE,12,zhu4
16020120060,汤神倾,19,EE,12,zhu4
16020120061,柳京域,21,EE,12,zhu4
16020120062,孙人域,19,EE,12,zhu2
16020120063,华王越,21,EE,12,zhu1
16020120064,昌余名,23,EE,12,zhu4
16020120065,史朝皋,20,EE,12,zhu2
16020120066,赵初马,19,EE,12,zhu3
16020120067,谢宓是,19,EE,12,zhu3
16020120068,任济何,20,EE,12,zhu4
16020120069,邹人阳,18,EE,12,zhu4
16020120070,窦楚彼,18,EE,12,zhu2
16020120071,章还轘,21,EE,12,zhu4
16020120072,蒋黄援,20,EE,12,zhu4
16020120073,昌遂越,19,EE,12,zhu1
16020120074,贺年与,22,EE,12,zhu1
16020120075,华京马,23,EE,12,zhu1
16020120076,秦还尔,21,EE,12,zhu2
16020120077,施初于,22,EE,12,zhu2
16020120078,喻宋者,22,EE,12,zhu4
16020120079,赵川乎,20,EE,12,zhu3
16020120080,岑之有,23,EE,12,zhu3
16020120081,倪古乎,19,EE,12,zhu1
16020120082,郑名殆,22,EE,12,zhu4
16020120083,水师焉,22,EE,12,zhu3
16020120084,尤感者,19,EE,12,zhu1
16020120085,钱斯景,22,EE,12,zhu2
16020120086,谢师忽,20,EE,12,zhu2
16020120087,陶三者,22,EE,12,zhu2
16020120088,邹感烦,22,EE,12,zhu3
16020120089,史朝曰,23,EE,12,zhu2
16020120090,魏人臣,19,EE,12,zhu4
16020120091,曹作此,23,EE,12,zhu4
16020120092,郑还乎,21,EE,12,zhu2
16020120093,朱遂乎,21,EE,12,zhu1
16020120094,陶斯者,23,EE,12,zhu3
16020120095,施斯御,22,EE,12,zhu2
16020120096,赵神 ,20,EE,12,zhu1
16020120097,章其之,18,EE,12,zhu4
16020120098,赵宓乎,20,EE,12,zhu3
16020120099,史辞之,20,EE,12,zhu2
16020120100,韦斯散,21,EE,12,zhu2
16020120101,雷女思,18,EE,12,zhu4
16020120102,周之辕,20,EE,12,zhu2
16020120103,柳三然,23,EE,12,zhu1
16020120104,钱神辕,21,EE,12,zhu2
16020120105,韦还艳,20,EE,12,zhu1
16020120106,马师殊,22,EE,12,zhu4
16020120107,唐年然,18,EE,12,zhu3
16020130001,唐名之,20,EE,13,zhu1
16020130002,孔赋则,22,EE,13,zhu3
16020130003,孙曰之,22,EE,13,zhu1
16020130004,李之马,23,EE,13,zhu3
16020130005,孔古 ,20,EE,13,zhu2
16020130006,费其之,20,EE,13,zhu2
16020130007,雷感王,22,EE,13,zhu1
16020130008,赵有芝,21,EE,13,zhu3
16020130009,王曰车,19,EE,13,zhu2
16020130010,廉言之,20,EE,13,zhu4
16020130011,奚宋何,23,EE,13,zhu1
16020130012,郑洛川,23,EE,13,zhu1
16020130013,华之臣,20,EE,13,zhu3
16020130014,郑楚藩,20,EE,13,zhu1
16020130015,彭京其,23,EE,13,zhu4
16020130016,尤年斯,22,EE,13,zhu1
16020130017,钱宓皋,21,EE,13,zhu2
16020130018,郑京睹,22,EE,13,zhu3
16020130019,史还愿,19,EE,13,zhu2
16020130020,李有对,23,EE,13,zhu2
16020130021,倪济曰,20,EE,13,zhu1
16020130022,酆宓谷,21,EE,13,zhu1
16020130023,陶楚状,20,EE,13,zhu2
16020130024,唐宋愿,22,EE,13,zhu4
16020130025,田名陵,22,EE,13,zhu3
16020130026,水曰既,20,EE,13,zhu3
16020130027,柏名容,19,EE,13,zhu2
16020130028,马作阙,19,EE,13,zhu2
16020130029,陈初眄,18,EE,13,zhu4
16020130030,赵曰君,18,EE,13,zhu4
16020130031,彭名闻,21,EE,13,zhu3
16020130032,潘楚思,20,EE,13,zhu4
16020130033,吴宓驷,21,EE,13,zhu3
16020130034,吴王林,18,EE,13,zhu2
16020130035,云济精,22,EE,13,zhu2
16020130036,钱妃景,18,EE,13,zhu1
16020130037,李对何,22,EE,13,zhu1
16020130038,昌之所,18,EE,13,zhu2
16020130039,韦斯乎,19,EE,13,zhu1
16020130040,卫作乃,22,EE,13,zhu3
16020130041,史川乃,18,EE,13,zhu1
16020130042,苗宓从,18,EE,13,zhu1
16020130043,田之艳,22,EE,13,zhu2
16020130044,云初御,23,EE,13,zhu4
16020130045,史洛山,22,EE,13,zhu1
16020130046,金有通,18,EE,13,zhu1
16020130047,吴王一,18,EE,13,zhu3
16020130048,袁初散,18,EE,13,zhu3
16020130049,袁对归,19,EE,13,zhu2
16020130050,韩人臣,18,EE,13,zhu2
16020130051,华感君,22,EE,13,zhu4
16020130052,汤古乎,18,EE,13,zhu3
16020130053,何师既,21,EE,13,zhu1
16020130054,葛事状,22,EE,13,zhu4
16020130055,水初秣,23,EE,13,zhu4
16020130056,姜曰对,21,EE,13,zhu1
16020130057,窦名乃,23,EE,13,zhu2
16020130058,费余乃,20,EE,13,zhu4
16020130059,钱朝曰,19,EE,13,zhu2
16020130060,汤三田,20,EE,13,zhu3
16020130061,柳遂马,20,EE,13,zhu3
16020130062,张曰名,23,EE,13,zhu4
16020130063,沈赋睹,21,EE,13,zhu1
16020130064,李妃者,22,EE,13,zhu1
16020130065,昌古也,22,EE,13,zhu4
16020130066,鲁余陵,19,EE,13,zhu2
16020130067,何曰轘,18,EE,13,zhu4
16020130068,贺赋曰,18,EE,13,zhu4
16020130069,杨其何,18,EE,13,zhu1
16020130070,奚作乃,19,EE,13,zhu2
16020130071,凤遂谷,23,EE,13,zhu4
16020130072,酆名乃,18,EE,13,zhu3
16020130073,薛楚然,19,EE,13,zhu2
16020130074,鲁年名,19,EE,13,zhu1
16020130075,许朝于,20,EE,13,zhu4
16020130076,鲁遂一,21,EE,13,zhu3
16020130077,马人臣,23,EE,13,zhu1
16020130078,钱妃以,21,EE,13,zhu3
16020130079,郑济若,22,EE,13,zhu4
16020130080,朱名乎,21,EE,13,zhu4
16020130081,郎事彼,21,EE,13,zhu4
16020130082,潘斯景,23,EE,13,zhu4
16020130083,周玉是,20,EE,13,zhu2
16020130084,孔作王,22,EE,13,zhu2
16020130085,柏女乎,22,EE,13,zhu3
16020130086,岑神以,18,EE,13,zhu1
16020130087,姜名无,22,EE,13,zhu4
16020130088,贺对乃,19,EE,13,zhu1
16020130089,王朝乎,22,EE,13,zhu4
16020130090,柳楚殊,19,EE,13,zhu3
16020130091,卫遂驾,22,EE,13,zhu1
16020130092,贺妃谷,19,EE,13,zhu2
16020130093,窦宓经,18,EE,13,zhu4
16020130094,秦曰乃,20,EE,13,zhu3
16020130095,戚王背,18,EE,13,zhu2
16020130096,鲁辞俯,18,EE,13,zhu4
16020130097,俞辞而,19,EE,13,zhu2
16020130098,朱有人,23,EE,13,zhu4
16020130099,姜遂而,18,EE,13,zhu3
16020130100,韦事藩,22,EE,13,zhu4
16020130101,周辞一,18,EE,13,zhu1
16020130102,沈之忽,23,EE,13,zhu1
16020130103,柳曰之,18,EE,13,zhu4
16020130104,薛有神,18,EE,13,zhu3
16020130105,周三有,20,EE,13,zhu2
16020130106,柳有之,21,EE,13,zhu2
16020130107,吕余何,21,EE,13,zhu2
16020140001,钱年若,19,EE,14,zhu1
16020140002,酆神宓,19,EE,14,zhu4
16020140003,周玉余,22,EE,14,zhu2
16020140004,朱遂言,21,EE,14,zhu2
16020140005,方作轘,21,EE,14,zhu4
16020140006,彭其丽,20,EE,14,zhu3
16020140007,窦其御,18,EE,14,zhu1
16020140008,郎妃援,18,EE,14,zhu3
16020140009,尤作于,19,EE,14,zhu4
16020140010,孔感芝,20,EE,14,zhu2
16020140011,潘三车,19,EE,14,zhu2
16020140012,窦黄日,19,EE,14,zhu4
16020140013,葛斯岩,19,EE,14,zhu4
16020140014,蒋余税,21,EE,14,zhu1
16020140015,奚之岩,19,EE,14,zhu4
16020140016,邹师见,19,EE,14,zhu3
16020140017,许师倾,19,EE,14,zhu2
16020140018,吴宋也,23,EE,14,zhu4
16020140019,何王仰,21,EE,14,zhu2
16020140020,花感此,18,EE,14,zhu1
16020140021,严王通,18,EE,14,zhu1
16020140022,尤还畔,20,EE,14,zhu4
16020140023,陶宋皋,20,EE,14,zhu4
16020140024,何曰岩,18,EE,14,zhu3
16020140025,姜楚精,19,EE,14,zhu2
16020140026,史其丽,18,EE,14,zhu3
16020140027,葛对是,18,EE,14,zhu2
16020140028,葛斯闻,21,EE,14,zhu2
16020140029,陈宋秣,20,EE,14,zhu2
16020140030,王水思,22,EE,14,zhu2
16020140031,王水思,23,EE,14,zhu2
16020140032,俞妃若,22,EE,14,zhu4
16020140033,李楚藩,21,EE,14,zhu3
16020140034,方京归,19,EE,14,zhu3
16020140035,花感而,18,EE,14,zhu4
16020140036,史水妃,22,EE,14,zhu3
16020140037,李曰无,22,EE,14,zhu3
16020140038,郑黄若,21,EE,14,zhu2
16020140039,李言乎,20,EE,14,zhu4
16020140040,尤名臣,19,EE,14,zhu4
16020140041,吴黄何,22,EE,14,zhu2
16020140042,李之其,19,EE,14,zhu2
16020140043,曹师山,18,EE,14,zhu3
16020140044,窦水闻,19,EE,14,zhu4
16020140045,戚玉曰,18,EE,14,zhu4
16020140046,昌年忽,23,EE,14,zhu3
16020140047,谢赋乎,23,EE,14,zhu2
16020140048,曹辞神,18,EE,14,zhu4
16020140049,魏洛既,23,EE,14,zhu3
16020140050,蒋洛驷,21,EE,14,zhu1
16020140051,袁感归,18,EE,14,zhu4
16020140052,郑妃者,20,EE,14,zhu4
16020140053,柳余谷,18,EE,14,zhu1
16020140054,张之御,18,EE,14,zhu1
16020140055,史宋觌,23,EE,14,zhu2
16020140056,郎黄觌,19,EE,14,zhu2
16020140057,彭名之,23,EE,14,zhu3
16020140058,冯对烦,22,EE,14,zhu1
16020140059,沈有睹,23,EE,14,zhu3
16020140060,严遂容,19,EE,14,zhu1
16020140061,唐水于,18,EE,14,zhu3
16020140062,潘作君,20,EE,14,zhu1
16020140063,何人乎,19,EE,14,zhu4
16020140064,喻遂阙,22,EE,14,zhu2
16020140065,卫作者,20,EE,14,zhu2
16020140066,潘济既,23,EE,14,zhu3
16020140067,王余乎,20,EE,14,zhu3
16020140068,郑玉精,20,EE,14,zhu1
16020140069,赵斯是,21,EE,14,zhu2
16020140070,周神则,21,EE,14,zhu3
16020140071,张作容,22,EE,14,zhu2
16020140072,严其臣,22,EE,14,zhu4
16020140073,卫川而,23,EE,14,zhu1
16020140074,褚人通,21,EE,14,zhu2
16020140075,费古域,22,EE,14,zhu2
16020140076,汤人经,23,EE,14,zhu4
16020140077,昌川乎,19,EE,14,zhu2
16020140078,韩斯艳,23,EE,14,zhu2
16020140079,任余察,19,EE,14,zhu2
16020140080,曹辞田,21,EE,14,zhu2
16020140081,李余通,21,EE,14,zhu3
16020140082,金感观,23,EE,14,zhu4
16020140083,田还是,18,EE,14,zhu2
16020140084,彭之岩,18,EE,14,zhu2
16020140085,魏女余,19,EE,14,zhu3
16020140086,冯玉蘅,22,EE,14,zhu4
16020140087,花曰容,22,EE,14,zhu2
16020140088,邹斯于,21,EE,14,zhu1
16020140089,田古域,23,EE,14,zhu3
16020140090,孙辞曰,22,EE,14,zhu4
16020140091,吴辞之,21,EE,14,zhu1
16020140092,鲍玉日,23,EE,14,zhu2
16020140093,郑水烦,19,EE,14,zhu4
16020140094,雷之斯,22,EE,14,zhu4
16020140095,韦师流,22,EE,14,zhu2
16020140096,戚之乎,18,EE,14,zhu2
16020140097,王人君,23,EE,14,zhu3
16020140098,薛三人,22,EE,14,zhu4
16020140099,卫古一,19,EE,14,zhu1
16020140100,鲁之此,18,EE,14,zhu1
16020140101,华之之,23,EE,14,zhu4
16020140102,苗年彼,23,EE,14,zhu2
16020140103,柳妃此,18,EE,14,zhu2
16020140104,郑名通,19,EE,14,zhu1
16020140105,田之何,19,EE,14,zhu4
16020140106,郑斯洛,19,EE,14,zhu1
16020140107,章还乎,19,EE,14,zhu3
16030110001,雷之观,20,CS,11,zhu4
16030110002,潘有骇,18,CS,11,zhu3
16030110003,秦王焉,23,CS,11,zhu3
16030110004,孙宓以,18,CS,11,zhu4
16030110005,沈斯乎,21,CS,11,zhu2
16030110006,朱朝之,23,CS,11,zhu4
16030110007,昌其名,20,CS,11,zhu2
16030110008,潘之曰,18,CS,11,zhu3
16030110009,潘人斯,22,CS,11,zhu4
16030110010,云朝背,20,CS,11,zhu4
16030110011,马作曰,23,CS,11,zhu1
16030110012,郎之乃,20,CS,11,zhu1
16030110013,何川告,19,CS,11,zhu3
16030110014,酆年驷,18,CS,11,zhu3
16030110015,孙王归,23,CS,11,zhu2
16030110016,花神君,21,CS,11,zhu2
16030110017,贺朝者,18,CS,11,zhu3
16030110018,任初人,19,CS,11,zhu4
16030110019,蒋初是,22,CS,11,zhu3
16030110020,韦年河,19,CS,11,zhu2
16030110021,云曰者,19,CS,11,zhu3
16030110022,吴余精,18,CS,11,zhu4
16030110023,周师田,23,CS,11,zhu2
16030110024,钱年御,21,CS,11,zhu1
16030110025,苗还曰,21,CS,11,zhu4
16030110026,田三谷,23,CS,11,zhu4
16030110027,彭玉曰,21,CS,11,zhu2
16030110028,倪斯则,19,CS,11,zhu2
16030110029,褚对艳,20,CS,11,zhu1
16030110030,袁遂俯,19,CS,11,zhu2
16030110031,尤师芝,19,CS,11,zhu1
16030110032,史事睹,20,CS,11,zhu2
16030110033,邹名名,19,CS,11,zhu1
16030110034,章年辕,23,CS,11,zhu2
16030110035,何宋其,20,CS,11,zhu2
16030110036,韦斯则,21,CS,11,zhu4
16030110037,吴宓然,21,CS,11,zhu2
16030110038,郑对川,20,CS,11,zhu1
16030110039,酆名臣,23,CS,11,zhu1
16030110040,朱玉其,23,CS,11,zhu2
16030110041,苗其状,23,CS,11,zhu1
16030110042,贺曰驾,19,CS,11,zhu4
16030110043,郑楚未,19,CS,11,zhu2
16030110044,谢宋所,18,CS,11,zhu1
16030110045,王川日,18,CS,11,zhu3
16030110046,卫曰无,23,CS,11,zhu3
16030110047,沈京若,23,CS,11,zhu3
16030110048,孔遂川,19,CS,11,zhu1
16030110049,沈师 ,18,CS,11,zhu2
16030110050,酆妃神,22,CS,11,zhu4
16030110051,张女流,20,CS,11,zhu1
16030110052,柳辞宓,19,CS,11,zhu1
16030110053,郑水蘅,21,CS,11,zhu2
16030110054,葛宋而,18,CS,11,zhu4
16030110055,云对一,20,CS,11,zhu2
16030110056,魏对与,18,CS,11,zhu3
16030110057,吕师流,23,CS,11,zhu3
16030110058,施对日,22,CS,11,zhu1
16030110059,华宓殊,20,CS,11,zhu2
16030110060,吴京税,23,CS,11,zhu2
16030110061,曹赋阙,20,CS,11,zhu1
16030110062,俞对而,23,CS,11,zhu3
16030110063,郑名何,21,CS,11,zhu3
16030110064,方洛焉,22,CS,11,zhu4
16030110065,邹玉乎,20,CS,11,zhu4
16030110066,花宋也,22,CS,11,zhu4
16030110067,谢女思,18,CS,11,zhu2
16030110068,王斯无,21,CS,11,zhu4
16030110069,施妃忽,18,CS,11,zhu2
16030110070,蒋师艳,23,CS,11,zhu3
16030110071,赵楚忽,23,CS,11,zhu4
16030110072,华之洛,20,CS,11,zhu2
16030110073,雷年乃,19,CS,11,zhu3
16030110074,魏楚丽,19,CS,11,zhu2
16030110075,周玉马,18,CS,11,zhu4
16030110076,苗还乎,19,CS,11,zhu2
16030110077,孔川经,22,CS,11,zhu4
16030110078,吴作无,19,CS,11,zhu1
16030110079,费宓御,18,CS,11,zhu3
16030110080,吴楚乎,18,CS,11,zhu2
16030110081,窦人乎,20,CS,11,zhu1
16030110082,尤曰者,22,CS,11,zhu2
16030110083,冯有乎,21,CS,11,zhu2
16030110084,孔名曰,20,CS,11,zhu2
16030110085,鲍川之,21,CS,11,zhu3
16030110086,孙感神,20,CS,11,zhu3
16030110087,赵王东,22,CS,11,zhu3
16030110088,韩赋阳,22,CS,11,zhu2
16030110089,史初以,22,CS,11,zhu2
16030110090,杨作若,20,CS,11,zhu3
16030110091,曹三而,20,CS,11,zhu1
16030110092,方济从,21,CS,11,zhu2
16030110093,赵师未,22,CS,11,zhu2
16030110094,廉事乃,18,CS,11,zhu1
16030110095,彭古者,22,CS,11,zhu4
16030110096,陶还蘅,21,CS,11,zhu3
16030110097,田辞者,20,CS,11,zhu3
16030110098,郎之乃,20,CS,11,zhu3
16030110099,严楚告,23,CS,11,zhu3
16030110100,华其曰,22,CS,11,zhu1
16030110101,苗还倾,22,CS,11,zhu4
16030110102,严古轘,23,CS,11,zhu4
16030110103,费有曰,23,CS,11,zhu2
16030110104,李川阙,23,CS,11,zhu4
16030110105,任其阳,20,CS,11,zhu4
16030110106,柳妃臣,23,CS,11,zhu3
16030110107,范斯见,18,CS,11,zhu1
16030120001,潘遂告,22,CS,12,zhu2
16030120002,吴京者,23,CS,12,zhu1
16030120003,鲍言伊,21,CS,12,zhu2
16030120004,沈有未,23,CS,12,zhu2
16030120005,廉赋阳,20,CS,12,zhu2
16030120006,周济东,20,CS,12,zhu3
16030120007,冯京阳,19,CS,12,zhu4
16030120008,郎初臣,18,CS,12,zhu2
16030120009,柳京经,18,CS,12,zhu4
16030120010,酆楚乎,21,CS,12,zhu1
16030120011,赵遂见,20,CS,12,zhu3
16030120012,周朝闻,22,CS,12,zhu2
16030120013,王初日,19,CS,12,zhu3
16030120014,姜三流,22,CS,12,zhu4
16030120015,施人乃,23,CS,12,zhu2
16030120016,俞宓无,18,CS,12,zhu4
16030120017,李斯君,19,CS,12,zhu3
16030120018,史京从,23,CS,12,zhu4
16030120019,陶遂是,20,CS,12,zhu4
16030120020,杨人御,22,CS,12,zhu4
16030120021,钱朝烦,18,CS,12,zhu3
16030120022,陈妃神,21,CS,12,zhu1
16030120023,花神畔,18,CS,12,zhu2
16030120024,史遂之,18,CS,12,zhu4
16030120025,卫赋人,22,CS,12,zhu3
16030120026,韩古其,18,CS,12,zhu2
16030120027,蒋还殊,20,CS,12,zhu4
16030120028,奚黄于,23,CS,12,zhu2
16030120029,周赋尔,20,CS,12,zhu4
16030120030,汤年马,19,CS,12,zhu1
16030120031,魏言臣,18,CS,12,zhu3
16030120032,雷感川,18,CS,12,zhu4
16030120033,史水臣,21,CS,12,zhu3
16030120034,冯古驷,18,CS,12,zhu2
16030120035,尤有殆,19,CS,12,zhu2
16030120036,郑宋驷,21,CS,12,zhu1
16030120037,魏之其,21,CS,12,zhu3
16030120038,喻斯眄,18,CS,12,zhu4
16030120039,吴济散,19,CS,12,zhu2
16030120040,陶水妃,21,CS,12,zhu4
16030120041,朱济乎,20,CS,12,zhu4
16030120042,张名田,21,CS,12,zhu2
16030120043,郑作有,23,CS,12,zhu4
16030120044,魏年辕,23,CS,12,zhu2
16030120045,孔赋名,23,CS,12,zhu4
16030120046,周斯乎,21,CS,12,zhu2
16030120047,王黄丽,18,CS,12,zhu2
16030120048,郎其若,20,CS,12,zhu3
16030120049,卫遂川,19,CS,12,zhu2
16030120050,韦有车,20,CS,12,zhu4
16030120051,孔遂乎,18,CS,12,zhu4
16030120052,田辞域,19,CS,12,zhu2
16030120053,苗事艳,23,CS,12,zhu2
16030120054,奚朝归,22,CS,12,zhu4
16030120055,雷朝彼,21,CS,12,zhu1
16030120056,彭初彼,21,CS,12,zhu3
16030120057,凤作彼,19,CS,12,zhu3
16030120058,鲍妃曰,23,CS,12,zhu1
16030120059,倪楚经,21,CS,12,zhu2
16030120060,葛川艳,21,CS,12,zhu1
16030120061,方言田,20,CS,12,zhu2
16030120062,贺济芝,20,CS,12,zhu4
16030120063,吴黄一,22,CS,12,zhu4
16030120064,钱余乃,22,CS,12,zhu3
16030120065,费赋乎,23,CS,12,zhu4
16030120066,冯洛车,21,CS,12,zhu2
16030120067,赵遂之,18,CS,12,zhu3
16030120068,水曰乎,20,CS,12,zhu3
16030120069,史人俯,19,CS,12,zhu3
16030120070,田赋王,18,CS,12,zhu3
16030120071,田其观,23,CS,12,zhu1
16030120072,潘古观,22,CS,12,zhu4
16030120073,喻三马,20,CS,12,zhu4
16030120074,孙济殆,23,CS,12,zhu4
16030120075,史名阳,23,CS,12,zhu4
16030120076,袁楚何,22,CS,12,zhu3
16030120077,薛京畔,18,CS,12,zhu4
16030120078,杨王殊,22,CS,12,zhu2
16030120079,俞女王,20,CS,12,zhu2
16030120080,窦初谷,22,CS,12,zhu2
16030120081,杨人乃,18,CS,12,zhu3
16030120082,贺曰阳,20,CS,12,zhu1
16030120083,李曰畔,20,CS,12,zhu4
16030120084,俞宋之,22,CS,12,zhu2
16030120085,花女君,18,CS,12,zhu3
16030120086,陈妃一,19,CS,12,zhu1
16030120087,杨古观,20,CS,12,zhu2
16030120088,吴斯曰,23,CS,12,zhu4
16030120089,雷神君,19,CS,12,zhu3
16030120090,曹楚御,19,CS,12,zhu1
16030120091,马其殆,18,CS,12,zhu4
16030120092,潘余王,23,CS,12,zhu4
16030120093,张神斯,18,CS,12,zhu2
16030120094,周楚于,22,CS,12,zhu2
16030120095,章妃烦,22,CS,12,zhu2
16030120096,钱曰尔,23,CS,12,zhu1
16030120097,吕初京,21,CS,12,zhu2
16030120098,赵言烦,22,CS,12,zhu3
16030120099,窦川臣,19,CS,12,zhu1
16030120100,金京此,23,CS,12,zhu1
16030120101,孔京河,20,CS,12,zhu1
16030120102,张赋则,22,CS,12,zhu1
16030120103,姜朝若,20,CS,12,zhu1
16030120104,王王曰,20,CS,12,zhu4
16030120105,方济所,21,CS,12,zhu2
16030120106,魏事何,22,CS,12,zhu2
16030120107,吕水闻,22,CS,12,zhu2
16030130001,孙作状,19,CS,13,zhu4
16030130002,彭曰艳,22,CS,13,zhu3
16030130003,鲁还对,21,CS,13,zhu4
16030130004,尤事尔,18,CS,13,zhu4
16030130005,云玉车,19,CS,13,zhu3
16030130006,岑作对,19,CS,13,zhu4
16030130007,朱言辕,18,CS,13,zhu2
16030130008,陶古一,23,CS,13,zhu3
16030130009,陈年蘅,22,CS,13,zhu2
16030130010,邹朝河,19,CS,13,zhu4
16030130011,杨初河,22,CS,13,zhu4
16030130012,吴京驾,18,CS,13,zhu3
16030130013,孔济乃,19,CS,13,zhu1
16030130014,潘有 ,22,CS,13,zhu3
16030130015,俞有余,19,CS,13,zhu1
16030130016,唐楚援,19,CS,13,zhu2
16030130017,李女倾,21,CS,13,zhu2
16030130018,柳余通,23,CS,13,zhu1
16030130019,卫济臣,21,CS,13,zhu1
16030130020,田作轘,22,CS,13,zhu4
16030130021,金水乃,20,CS,13,zhu2
16030130022,钱妃域,21,CS,13,zhu3
16030130023,云年闻,20,CS,13,zhu4
16030130024,韩感田,21,CS,13,zhu1
16030130025,秦济妃,20,CS,13,zhu4
16030130026,尤朝神,23,CS,13,zhu2
16030130027,奚宋察,20,CS,13,zhu1
16030130028,钱古之,19,CS,13,zhu1
16030130029,昌水思,18,CS,13,zhu3
16030130030,吴女以,23,CS,13,zhu3
16030130031,周斯骇,22,CS,13,zhu2
16030130032,任斯思,20,CS,13,zhu1
16030130033,潘王者,23,CS,13,zhu1
16030130034,郎古焉,21,CS,13,zhu4
16030130035,尤宋人,18,CS,13,zhu4
16030130036,姜三于,21,CS,13,zhu2
16030130037,韦有之,21,CS,13,zhu2
16030130038,孙初名,20,CS,13,zhu1
16030130039,喻玉马,21,CS,13,zhu4
16030130040,袁遂之,18,CS,13,zhu3
16030130041,章言名,23,CS,13,zhu4
16030130042,云洛然,20,CS,13,zhu2
16030130043,汤水驷,19,CS,13,zhu4
16030130044,韦神此,19,CS,13,zhu3
16030130045,贺之伊,23,CS,13,zhu3
16030130046,贺其乎,23,CS,13,zhu3
16030130047,卫女京,20,CS,13,zhu2
16030130048,姜女之,20,CS,13,zhu3
16030130049,窦洛岩,20,CS,13,zhu3
16030130050,吴洛烦,19,CS,13,zhu1
16030130051,张楚伊,20,CS,13,zhu2
16030130052,韦斯林,21,CS,13,zhu2
16030130053,岑宋未,23,CS,13,zhu2
16030130054,范之妃,18,CS,13,zhu1
16030130055,薛水骇,19,CS,13,zhu1
16030130056,廉事则,19,CS,13,zhu2
16030130057,费曰状,23,CS,13,zhu3
16030130058,姜黄畔,18,CS,13,zhu3
16030130059,邹之精,22,CS,13,zhu3
16030130060,钱宓皋,18,CS,13,zhu3
16030130061,喻人状,23,CS,13,zhu3
16030130062,贺女芝,20,CS,13,zhu2
16030130063,赵对状,20,CS,13,zhu2
16030130064,周水烦,22,CS,13,zhu1
16030130065,鲍洛观,19,CS,13,zhu3
16030130066,花还乃,22,CS,13,zhu4
16030130067,唐人告,18,CS,13,zhu1
16030130068,尤有御,21,CS,13,zhu2
16030130069,苗年田,23,CS,13,zhu1
16030130070,奚朝妃,21,CS,13,zhu1
16030130071,马神辕,18,CS,13,zhu1
16030130072,蒋人东,19,CS,13,zhu4
16030130073,汤师察,21,CS,13,zhu2
16030130074,沈黄乎,19,CS,13,zhu1
16030130075,秦黄阳,23,CS,13,zhu2
16030130076,花对俯,21,CS,13,zhu3
16030130077,华斯臣,20,CS,13,zhu1
16030130078,鲁玉日,18,CS,13,zhu1
16030130079,何朝睹,22,CS,13,zhu4
16030130080,云宋从,19,CS,13,zhu3
16030130081,水人流,18,CS,13,zhu3
16030130082,周黄君,23,CS,13,zhu4
16030130083,鲁遂畔,20,CS,13,zhu3
16030130084,魏宋察,22,CS,13,zhu1
16030130085,袁京也,21,CS,13,zhu3
16030130086,郎还无,18,CS,13,zhu2
16030130087,柏斯其,23,CS,13,zhu3
16030130088,云斯乎,21,CS,13,zhu3
16030130089,孔对与,23,CS,13,zhu3
16030130090,朱三人,21,CS,13,zhu2
16030130091,蒋古殊,22,CS,13,zhu4
16030130092,卫宓言,23,CS,13,zhu4
16030130093,金初思,20,CS,13,zhu3
16030130094,曹有精,19,CS,13,zhu1
16030130095,蒋初何,18,CS,13,zhu2
16030130096,吴言岩,21,CS,13,zhu3
16030130097,田事背,20,CS,13,zhu3
16030130098,朱初然,18,CS,13,zhu3
16030130099,魏还阳,18,CS,13,zhu4
16030130100,钱感尔,23,CS,13,zhu4
16030130101,卫余驷,18,CS,13,zhu1
16030130102,郑言散,21,CS,13,zhu1
16030130103,费言忽,23,CS,13,zhu4
16030130104,李遂倾,18,CS,13,zhu1
16030130105,秦女既,22,CS,13,zhu1
16030130106,柳之然,22,CS,13,zhu3
16030130107,贺妃之,18,CS,13,zhu3
16030140001,周之臣,19,CS,14,zhu4
16030140002,窦济蘅,21,CS,14,zhu4
16030140003,邹遂是,20,CS,14,zhu1
16030140004,袁曰愿,21,CS,14,zhu4
16030140005,赵京曰,18,CS,14,zhu3
16030140006,钱余乎,20,CS,14,zhu3
16030140007,褚川殆,22,CS,14,zhu4
16030140008,沈言察,22,CS,14,zhu1
16030140009,水言然,23,CS,14,zhu3
16030140010,雷赋川,20,CS,14,zhu2
16030140011,袁济辕,19,CS,14,zhu3
16030140012,潘有乎,20,CS,14,zhu2
16030140013,何余乃,21,CS,14,zhu2
16030140014,史之然,23,CS,14,zhu2
16030140015,魏还是,18,CS,14,zhu2
16030140016,李师车,19,CS,14,zhu4
16030140017,邹有其,22,CS,14,zhu4
16030140018,韩济见,20,CS,14,zhu3
16030140019,尤神倾,22,CS,14,zhu4
16030140020,赵玉曰,22,CS,14,zhu2
16030140021,彭洛林,19,CS,14,zhu3
16030140022,郑遂神,18,CS,14,zhu2
16030140023,薛名越,22,CS,14,zhu4
16030140024,章感也,22,CS,14,zhu3
16030140025,卫京河,20,CS,14,zhu2
16030140026,何人君,18,CS,14,zhu4
16030140027,钱曰妃,20,CS,14,zhu1
16030140028,马洛乃,22,CS,14,zhu2
16030140029,孙斯陵,21,CS,14,zhu3
16030140030,王川越,18,CS,14,zhu2
16030140031,郎言秣,19,CS,14,zhu3
16030140032,赵名通,23,CS,14,zhu1
16030140033,章斯忽,18,CS,14,zhu2
16030140034,秦曰域,18,CS,14,zhu1
16030140035,钱黄藩,23,CS,14,zhu1
16030140036,柳曰人,20,CS,14,zhu1
16030140037,周对此,21,CS,14,zhu3
16030140038,周年越,21,CS,14,zhu4
16030140039,金曰若,20,CS,14,zhu2
16030140040,杨川有,22,CS,14,zhu3
16030140041,吴作察,20,CS,14,zhu2
16030140042,倪宓以,19,CS,14,zhu1
16030140043,昌斯河,19,CS,14,zhu1
16030140044,方玉宓,22,CS,14,zhu4
16030140045,卫之芝,18,CS,14,zhu1
16030140046,袁朝愿,18,CS,14,zhu2
16030140047,孙古也,18,CS,14,zhu2
16030140048,吕斯何,18,CS,14,zhu2
16030140049,严辞观,19,CS,14,zhu3
16030140050,李遂御,23,CS,14,zhu2
16030140051,贺还河,18,CS,14,zhu4
16030140052,喻曰御,23,CS,14,zhu4
16030140053,韩之以,19,CS,14,zhu2
16030140054,水之一,23,CS,14,zhu1
16030140055,柳朝睹,21,CS,14,zhu1
16030140056,赵济移,20,CS,14,zhu4
16030140057,汤人眄,18,CS,14,zhu1
16030140058,史曰者,22,CS,14,zhu1
16030140059,范女骇,22,CS,14,zhu3
16030140060,周作之,20,CS,14,zhu3
16030140061,严年然,20,CS,14,zhu4
16030140062,费名乎,23,CS,14,zhu1
16030140063,谢赋其,20,CS,14,zhu3
16030140064,费斯神,20,CS,14,zhu4
16030140065,蒋斯闻,22,CS,14,zhu3
16030140066,王遂尔,21,CS,14,zhu4
16030140067,张事御,18,CS,14,zhu2
16030140068,窦人洛,19,CS,14,zhu1
16030140069,马师流,21,CS,14,zhu2
16030140070,陶女则,22,CS,14,zhu1
16030140071,韦对斯,19,CS,14,zhu3
16030140072,王还闻,19,CS,14,zhu3
16030140073,潘水于,19,CS,14,zhu2
16030140074,鲍其 ,20,CS,14,zhu4
16030140075,袁其闻,23,CS,14,zhu2
16030140076,彭曰曰,18,CS,14,zhu2
16030140077,唐曰轘,18,CS,14,zhu1
16030140078,李水移,22,CS,14,zhu2
16030140079,鲍玉烦,23,CS,14,zhu1
16030140080,钱妃于,19,CS,14,zhu1
16030140081,赵有阙,22,CS,14,zhu2
16030140082,喻赋王,22,CS,14,zhu4
16030140083,姜女京,21,CS,14,zhu3
16030140084,葛余名,19,CS,14,zhu1
16030140085,倪楚其,20,CS,14,zhu2
16030140086,廉朝车,20,CS,14,zhu1
16030140087,钱之若,20,CS,14,zhu2
16030140088,杨言谷,22,CS,14,zhu2
16030140089,王辞则,23,CS,14,zhu3
16030140090,卫京阙,18,CS,14,zhu3
16030140091,卫黄名,20,CS,14,zhu3
16030140092,钱事藩,18,CS,14,zhu4
16030140093,沈朝容,18,CS,14,zhu4
16030140094,施余神,19,CS,14,zhu1
16030140095,蒋其山,22,CS,14,zhu3
16030140096,倪川乃,21,CS,14,zhu1
16030140097,李其税,18,CS,14,zhu2
16030140098,廉其言,22,CS,14,zhu1
16030140099,郑言通,22,CS,14,zhu4
16030140100,王斯觌,23,CS,14,zhu2
16030140101,潘余山,21,CS,14,zhu3
16030140102,韦斯君,20,CS,14,zhu2
16030140103,钱黄无,21,CS,14,zhu2
16030140104,朱年其,21,CS,14,zhu2
16030140105,鲍王之,23,CS,14,zhu3
16030140106,吴曰乃,22,CS,14,zhu2
16030140107,任言西,21,CS,14,zhu3
16040110001,柳川御,23,IC,11,zhu1
16040110002,倪其京,21,IC,11,zhu1
16040110003,云事眄,22,IC,11,zhu2
16040110004,卫京状,21,IC,11,zhu4
16040110005,蒋之移,21,IC,11,zhu1
16040110006,贺王臣,20,IC,11,zhu1
16040110007,雷感之,23,IC,11,zhu3
16040110008,贺之畔,18,IC,11,zhu2
16040110009,张宋乃,22,IC,11,zhu4
16040110010,喻斯陵,21,IC,11,zhu2
16040110011,潘洛妃,19,IC,11,zhu2
16040110012,赵宋烦,22,IC,11,zhu1
16040110013,俞遂以,20,IC,11,zhu1
16040110014,周楚者,21,IC,11,zhu3
16040110015,马宋烦,21,IC,11,zhu2
16040110016,贺言有,23,IC,11,zhu1
16040110017,邹作御,21,IC,11,zhu2
16040110018,葛京京,18,IC,11,zhu4
16040110019,谢言神,20,IC,11,zhu3
16040110020,水之名,20,IC,11,zhu3
16040110021,贺初者,22,IC,11,zhu2
16040110022,范曰移,20,IC,11,zhu2
16040110023,贺师臣,20,IC,11,zhu2
16040110024,薛师于,23,IC,11,zhu1
16040110025,苗事神,22,IC,11,zhu4
16040110026,钱三曰,18,IC,11,zhu2
16040110027,周其皋,21,IC,11,zhu4
16040110028,孙三于,20,IC,11,zhu4
16040110029,水楚尔,19,IC,11,zhu1
16040110030,鲁京景,22,IC,11,zhu1
16040110031,郑之皋,18,IC,11,zhu1
16040110032,周事何,18,IC,11,zhu1
16040110033,倪有闻,19,IC,11,zhu1
16040110034,朱遂何,21,IC,11,zhu3
16040110035,鲁其阙,21,IC,11,zhu2
16040110036,贺斯告,20,IC,11,zhu3
16040110037,喻还斯,19,IC,11,zhu4
16040110038,孙师斯,21,IC,11,zhu1
16040110039,陈对林,22,IC,11,zhu1
16040110040,吕辞者,23,IC,11,zhu3
16040110041,秦赋者,20,IC,11,zhu4
16040110042,马赋宓,20,IC,11,zhu3
16040110043,王妃移,23,IC,11,zhu2
16040110044,窦川也,21,IC,11,zhu2
16040110045,赵楚西,19,IC,11,zhu2
16040110046,王斯之,18,IC,11,zhu4
16040110047,曹师而,19,IC,11,zhu4
16040110048,薛曰无,22,IC,11,zhu3
16040110049,郑京是,18,IC,11,zhu4
16040110050,王斯林,22,IC,11,zhu2
16040110051,鲁遂经,21,IC,11,zhu4
16040110052,钱斯人,20,IC,11,zhu1
16040110053,窦之余,19,IC,11,zhu3
16040110054,王王人,19,IC,11,zhu2
16040110055,陈京者,23,IC,11,zhu3
16040110056,柏言移,21,IC,11,zhu3
16040110057,花宓眄,19,IC,11,zhu3
16040110058,薛朝川,22,IC,11,zhu2
16040110059,郑余曰,22,IC,11,zhu2
16040110060,酆济者,18,IC,11,zhu2
16040110061,郎年田,19,IC,11,zhu3
16040110062,苗楚河,18,IC,11,zhu3
16040110063,吕斯乎,21,IC,11,zhu2
16040110064,窦感御,22,IC,11,zhu3
16040110065,水斯洛,23,IC,11,zhu4
16040110066,酆曰人,22,IC,11,zhu3
16040110067,朱古经,19,IC,11,zhu1
16040110068,郎有何,19,IC,11,zhu2
16040110069,葛斯之,22,IC,11,zhu1
16040110070,郑宋畔,22,IC,11,zhu1
16040110071,朱赋曰,23,IC,11,zhu1
16040110072,廉黄以,23,IC,11,zhu3
16040110073,鲁王之,18,IC,11,zhu2
16040110074,蒋水则,23,IC,11,zhu2
16040110075,卫朝告,18,IC,11,zhu4
16040110076,许三察,19,IC,11,zhu3
16040110077,花女神,20,IC,11,zhu3
16040110078,酆作余,20,IC,11,zhu4
16040110079,喻名散,20,IC,11,zhu2
16040110080,吴京车,20,IC,11,zhu3
16040110081,柏玉阳,20,IC,11,zhu2
16040110082,周水察,21,IC,11,zhu4
16040110083,金遂既,19,IC,11,zhu3
16040110084,柳女洛,21,IC,11,zhu1
16040110085,秦斯域,21,IC,11,zhu2
16040110086,戚玉东,22,IC,11,zhu3
16040110087,水初之,23,IC,11,zhu2
16040110088,章之若,21,IC,11,zhu2
16040110089,王名忽,22,IC,11,zhu3
16040110090,薛事彼,23,IC,11,zhu2
16040110091,凤曰者,21,IC,11,zhu3
16040110092,秦京言,20,IC,11,zhu3
16040110093,赵三状,18,IC,11,zhu3
16040110094,岑辞归,20,IC,11,zhu4
16040110095,水赋西,23,IC,11,zhu4
16040110096,尤朝无,19,IC,11,zhu1
16040110097,廉宓越,23,IC,11,zhu1
16040110098,孔黄阙,18,IC,11,zhu1
16040110099,周王愿,23,IC,11,zhu1
16040110100,钱年妃,23,IC,11,zhu4
16040110101,杨玉乎,18,IC,11,zhu4
16040110102,钱还眄,21,IC,11,zhu4
16040110103,孙济何,20,IC,11,zhu1
16040110104,许女人,18,IC,11,zhu3
16040110105,方之妃,22,IC,11,zhu4
16040110106,卫之洛,18,IC,11,zhu4
16040110107,吴初也,23,IC,11,zhu3
16040120001,秦玉曰,18,IC,12,zhu3
16040120002,贺斯援,19,IC,12,zhu3
16040120003,范妃日,20,IC,12,zhu1
16040120004,陈妃见,20,IC,12,zhu2
16040120005,孙济岩,19,IC,12,zhu3
16040120006,陶古状,21,IC,12,zhu2
16040120007,田遂若,18,IC,12,zhu1
16040120008,马楚洛,18,IC,12,zhu2
16040120009,曹朝焉,18,IC,12,zhu2
16040120010,尤古皋,18,IC,12,zhu4
16040120011,任赋若,19,IC,12,zhu3
16040120012,窦余丽,22,IC,12,zhu2
16040120013,蒋楚觌,21,IC,12,zhu2
16040120014,柳三未,21,IC,12,zhu3
16040120015,云对余,20,IC,12,zhu1
16040120016,倪人然,18,IC,12,zhu3
16040120017,花宓乃,23,IC,12,zhu3
16040120018,陶洛容,23,IC,12,zhu2
16040120019,水人与,23,IC,12,zhu4
16040120020,吴斯殊,19,IC,12,zhu4
16040120021,郎女臣,19,IC,12,zhu3
16040120022,廉三对,18,IC,12,zhu2
16040120023,潘事臣,19,IC,12,zhu4
16040120024,汤年之,21,IC,12,zhu1
16040120025,昌人此,20,IC,12,zhu3
16040120026,郑其辕,22,IC,12,zhu4
16040120027,严言阳,20,IC,12,zhu2
16040120028,水言余,22,IC,12,zhu3
16040120029,鲍宋殆,22,IC,12,zhu2
16040120030,苗曰而,22,IC,12,zhu4
16040120031,姜之伊,21,IC,12,zhu2
16040120032,马有散,23,IC,12,zhu2
16040120033,孔斯倾,20,IC,12,zhu3
16040120034,沈对余,23,IC,12,zhu1
16040120035,张川乎,21,IC,12,zhu3
16040120036,郑神妃,23,IC,12,zhu1
16040120037,潘宋驷,18,IC,12,zhu3
16040120038,方楚名,18,IC,12,zhu3
16040120039,鲁有以,23,IC,12,zhu4
16040120040,袁三越,23,IC,12,zhu1
16040120041,鲁之移,21,IC,12,zhu1
16040120042,苏宓藩,22,IC,12,zhu4
16040120043,史之殊,18,IC,12,zhu3
16040120044,严女倾,23,IC,12,zhu2
16040120045,郎事 ,22,IC,12,zhu2
16040120046,孔神忽,21,IC,12,zhu3
16040120047,张京于,23,IC,12,zhu4
16040120048,孙水然,20,IC,12,zhu1
16040120049,唐事西,21,IC,12,zhu1
16040120050,凤洛者,23,IC,12,zhu1
16040120051,陶之经,20,IC,12,zhu3
16040120052,廉对眄,21,IC,12,zhu3
16040120053,钱洛于,22,IC,12,zhu4
16040120054,酆遂状,18,IC,12,zhu4
16040120055,奚楚人,19,IC,12,zhu2
16040120056,廉宋倾,22,IC,12,zhu2
16040120057,马还余,18,IC,12,zhu3
16040120058,张年乃,20,IC,12,zhu1
16040120059,冯女宓,20,IC,12,zhu1
16040120060,陶言有,19,IC,12,zhu3
16040120061,酆川藩,23,IC,12,zhu2
16040120062,薛辞斯,22,IC,12,zhu3
16040120063,王感京,21,IC,12,zhu4
16040120064,雷言斯,19,IC,12,zhu3
16040120065,曹余则,20,IC,12,zhu1
16040120066,周曰臣,18,IC,12,zhu2
16040120067,陶作何,23,IC,12,zhu4
16040120068,廉人君,18,IC,12,zhu1
16040120069,柏作伊,21,IC,12,zhu1
16040120070,薛还无,18,IC,12,zhu1
16040120071,朱年川,23,IC,12,zhu3
16040120072,史王君,22,IC,12,zhu3
16040120073,钱名林,18,IC,12,zhu2
16040120074,柏宓洛,21,IC,12,zhu4
16040120075,姜神西,22,IC,12,zhu1
16040120076,章事蘅,23,IC,12,zhu2
16040120077,施女移,20,IC,12,zhu4
16040120078,钱女乃,20,IC,12,zhu1
16040120079,陶师人,21,IC,12,zhu4
16040120080,潘言御,19,IC,12,zhu2
16040120081,褚川彼,18,IC,12,zhu3
16040120082,倪黄越,19,IC,12,zhu1
16040120083,朱京辕,18,IC,12,zhu2
16040120084,费玉状,19,IC,12,zhu2
16040120085,吴感从,22,IC,12,zhu3
16040120086,任洛人,18,IC,12,zhu3
16040120087,秦还秣,22,IC,12,zhu4
16040120088,秦女王,19,IC,12,zhu1
16040120089,陈年既,21,IC,12,zhu3
16040120090,金女彼,18,IC,12,zhu3
16040120091,花事名,23,IC,12,zhu4
16040120092,方辞越,21,IC,12,zhu1
16040120093,吕黄御,21,IC,12,zhu2
16040120094,喻辞阙,21,IC,12,zhu4
16040120095,蒋女御,18,IC,12,zhu3
16040120096,任之对,20,IC,12,zhu4
16040120097,酆神殊,19,IC,12,zhu4
16040120098,杨朝彼,19,IC,12,zhu4
16040120099,李师尔,20,IC,12,zhu4
16040120100,李宋马,20,IC,12,zhu3
16040120101,孔言其,20,IC,12,zhu2
16040120102,花洛之,20,IC,12,zhu3
16040120103,柳妃阙,19,IC,12,zhu2
16040120104,柏斯殆,19,IC,12,zhu3
16040120105,倪朝谷,18,IC,12,zhu3
16040120106,金年岩,20,IC,12,zhu4
16040120107,赵济曰,22,IC,12,zhu4
16040130001,唐朝然,20,IC,13,zhu4
16040130002,金之神,19,IC,13,zhu3
16040130003,葛玉愿,21,IC,13,zhu2
16040130004,金年俯,18,IC,13,zhu2
16040130005,彭玉越,23,IC,13,zhu2
16040130006,戚曰岩,21,IC,13,zhu4
16040130007,鲍女洛,22,IC,13,zhu3
16040130008,韩余名,23,IC,13,zhu2
16040130009,姜师岩,22,IC,13,zhu4
16040130010,魏遂睹,19,IC,13,zhu4
16040130011,潘川辕,23,IC,13,zhu2
16040130012,柏三愿,19,IC,13,zhu3
16040130013,方妃以,22,IC,13,zhu3
16040130014,王曰洛,20,IC,13,zhu1
16040130015,王王税,23,IC,13,zhu2
16040130016,韦妃然,18,IC,13,zhu4
16040130017,王赋也,21,IC,13,zhu3
16040130018,李女乎,18,IC,13,zhu1
16040130019,沈初彼,22,IC,13,zhu3
16040130020,魏年斯,23,IC,13,zhu4
16040130021,钱济言,20,IC,13,zhu3
16040130022,吴京域,21,IC,13,zhu1
16040130023,秦年见,21,IC,13,zhu3
16040130024,许名移,18,IC,13,zhu3
16040130025,金对税,18,IC,13,zhu3
16040130026,汤斯山,21,IC,13,zhu1
16040130027,苏玉臣,23,IC,13,zhu4
16040130028,郑玉而,22,IC,13,zhu2
16040130029,冯有乃,21,IC,13,zhu1
16040130030,鲁洛域,18,IC,13,zhu4
16040130031,金师轘,20,IC,13,zhu2
16040130032,孙言何,21,IC,13,zhu3
16040130033,沈妃然,22,IC,13,zhu4
16040130034,史对曰,22,IC,13,zhu4
16040130035,袁感日,19,IC,13,zhu2
16040130036,任三妃,21,IC,13,zhu1
16040130037,章女所,18,IC,13,zhu4
16040130038,水曰妃,19,IC,13,zhu4
16040130039,施三则,22,IC,13,zhu4
16040130040,章感然,19,IC,13,zhu3
16040130041,朱宋精,21,IC,13,zhu3
16040130042,华曰日,21,IC,13,zhu4
16040130043,姜宓状,20,IC,13,zhu3
16040130044,花言蘅,18,IC,13,zhu4
16040130045,周年斯,23,IC,13,zhu3
16040130046,褚洛焉,19,IC,13,zhu3
16040130047,褚余曰,19,IC,13,zhu2
16040130048,唐川仰,21,IC,13,zhu3
16040130049,赵遂之,22,IC,13,zhu2
16040130050,孙余陵,22,IC,13,zhu3
16040130051,喻黄伊,22,IC,13,zhu3
16040130052,沈洛则,23,IC,13,zhu2
16040130053,水对状,23,IC,13,zhu4
16040130054,杨之仰,22,IC,13,zhu4
16040130055,马还睹,23,IC,13,zhu2
16040130056,陈还援,23,IC,13,zhu1
16040130057,彭黄人,20,IC,13,zhu4
16040130058,孔名谷,22,IC,13,zhu3
16040130059,蒋对彼,19,IC,13,zhu3
16040130060,蒋朝言,21,IC,13,zhu3
16040130061,岑辞芝,22,IC,13,zhu1
16040130062,魏斯谷,21,IC,13,zhu1
16040130063,水京芝,21,IC,13,zhu3
16040130064,周古于,21,IC,13,zhu1
16040130065,蒋宓思,19,IC,13,zhu1
16040130066,周还谷,21,IC,13,zhu4
16040130067,吕余御,22,IC,13,zhu2
16040130068,严之芝,18,IC,13,zhu1
16040130069,陈洛尔,20,IC,13,zhu4
16040130070,葛赋轘,23,IC,13,zhu3
16040130071,郑其洛,18,IC,13,zhu2
16040130072,柳初蘅,23,IC,13,zhu4
16040130073,倪川臣,18,IC,13,zhu4
16040130074,谢玉精,23,IC,13,zhu3
16040130075,费感殊,20,IC,13,zhu3
16040130076,秦斯阙,21,IC,13,zhu3
16040130077,王川陵,19,IC,13,zhu1
16040130078,魏遂察,20,IC,13,zhu3
16040130079,周神宓,20,IC,13,zhu2
16040130080,严言是,19,IC,13,zhu4
16040130081,许女车,21,IC,13,zhu1
16040130082,酆京臣,19,IC,13,zhu4
16040130083,钱斯闻,23,IC,13,zhu1
16040130084,孔辞税,21,IC,13,zhu4
16040130085,施初御,23,IC,13,zhu3
16040130086,朱曰陵,20,IC,13,zhu4
16040130087,尤有焉,21,IC,13,zhu1
16040130088,汤作无,23,IC,13,zhu3
16040130089,柏宓彼,19,IC,13,zhu3
16040130090,水其曰,21,IC,13,zhu4
16040130091,唐还而,21,IC,13,zhu3
16040130092,窦初景,20,IC,13,zhu3
16040130093,苗曰洛,20,IC,13,zhu2
16040130094,柳楚背,18,IC,13,zhu2
16040130095,冯朝臣,21,IC,13,zhu4
16040130096,喻曰忽,19,IC,13,zhu3
16040130097,严京乎,22,IC,13,zhu3
16040130098,郎玉有,19,IC,13,zhu1
16040130099,许师日,18,IC,13,zhu4
16040130100,柏水觌,19,IC,13,zhu4
16040130101,华古人,23,IC,13,zhu3
16040130102,田年则,19,IC,13,zhu4
16040130103,孔有以,20,IC,13,zhu1
16040130104,孙斯以,21,IC,13,zhu3
16040130105,秦其田,21,IC,13,zhu3
16040130106,陶斯忽,23,IC,13,zhu1
16040130107,汤玉何,19,IC,13,zhu1
16040140001,陈有神,21,IC,14,zhu1
16040140002,沈言彼,23,IC,14,zhu2
16040140003,金古一,21,IC,14,zhu3
16040140004,沈古人,23,IC,14,zhu1
16040140005,李感是,21,IC,14,zhu3
16040140006,袁黄移,23,IC,14,zhu4
16040140007,田对陵,18,IC,14,zhu3
16040140008,沈还未,23,IC,14,zhu3
16040140009,苗洛眄,19,IC,14,zhu2
16040140010,金斯思,21,IC,14,zhu4
16040140011,钱辞与,19,IC,14,zhu1
16040140012,孔玉对,22,IC,14,zhu4
16040140013,郑之尔,18,IC,14,zhu4
16040140014,褚作陵,23,IC,14,zhu3
16040140015,鲍遂驷,22,IC,14,zhu1
16040140016,窦水岩,19,IC,14,zhu3
16040140017,潘古是,18,IC,14,zhu2
16040140018,潘宓驷,22,IC,14,zhu1
16040140019,窦初京,18,IC,14,zhu2
16040140020,彭曰见,20,IC,14,zhu2
16040140021,费玉睹,18,IC,14,zhu3
16040140022,岑余御,18,IC,14,zhu4
16040140023,张曰岩,23,IC,14,zhu1
16040140024,章言君,20,IC,14,zhu2
16040140025,魏名闻,22,IC,14,zhu1
16040140026,岑神之,21,IC,14,zhu2
16040140027,谢斯阙,19,IC,14,zhu1
16040140028,喻神余,23,IC,14,zhu2
16040140029,岑还何,18,IC,14,zhu4
16040140030,岑女日,18,IC,14,zhu3
16040140031,吕玉容,19,IC,14,zhu1
16040140032,谢之秣,22,IC,14,zhu4
16040140033,姜对观,23,IC,14,zhu4
16040140034,廉余若,20,IC,14,zhu4
16040140035,李京马,21,IC,14,zhu1
16040140036,尤赋流,18,IC,14,zhu2
16040140037,秦其谷,20,IC,14,zhu3
16040140038,陶宓河,22,IC,14,zhu2
16040140039,赵京从,19,IC,14,zhu4
16040140040,戚玉而,19,IC,14,zhu4
16040140041,范王愿,21,IC,14,zhu1
16040140042,施宓乃,23,IC,14,zhu2
16040140043,柳宋曰,21,IC,14,zhu3
16040140044,孙作林,21,IC,14,zhu2
16040140045,王师彼,18,IC,14,zhu2
16040140046,吴三背,18,IC,14,zhu1
16040140047,卫宓御,20,IC,14,zhu2
16040140048,吴还乃,23,IC,14,zhu1
16040140049,薛朝容,22,IC,14,zhu3
16040140050,奚斯焉,20,IC,14,zhu4
16040140051,袁京东,23,IC,14,zhu3
16040140052,贺女芝,23,IC,14,zhu1
16040140053,杨赋状,23,IC,14,zhu3
16040140054,方名殆,18,IC,14,zhu1
16040140055,葛朝曰,23,IC,14,zhu2
16040140056,孙宋则,22,IC,14,zhu3
16040140057,曹事曰,19,IC,14,zhu4
16040140058,孙水乃,21,IC,14,zhu3
16040140059,褚神则,19,IC,14,zhu3
16040140060,尤古藩,21,IC,14,zhu2
16040140061,姜宋状,18,IC,14,zhu2
16040140062,薛遂于,18,IC,14,zhu2
16040140063,孙有然,18,IC,14,zhu3
16040140064,陶赋河,22,IC,14,zhu2
16040140065,孙济之,20,IC,14,zhu1
16040140066,卫古经,22,IC,14,zhu4
16040140067,方朝乎,23,IC,14,zhu1
16040140068,郑赋洛,18,IC,14,zhu2
16040140069,雷事未,20,IC,14,zhu1
16040140070,魏余其,18,IC,14,zhu4
16040140071,李事经,18,IC,14,zhu3
16040140072,廉女乃,19,IC,14,zhu1
16040140073,花辞彼,23,IC,14,zhu3
16040140074,孙曰则,21,IC,14,zhu4
16040140075,薛曰皋,18,IC,14,zhu1
16040140076,沈曰从,23,IC,14,zhu3
16040140077,吴川既,22,IC,14,zhu4
16040140078,郎朝彼,22,IC,14,zhu3
16040140079,水洛见,22,IC,14,zhu3
16040140080,雷余斯,23,IC,14,zhu4
16040140081,鲍宋一,18,IC,14,zhu2
16040140082,苗有其,23,IC,14,zhu4
16040140083,田之东,21,IC,14,zhu2
16040140084,孙对丽,18,IC,14,zhu3
16040140085,云名驷,22,IC,14,zhu4
16040140086,倪女告,23,IC,14,zhu4
16040140087,杨名君,23,IC,14,zhu2
16040140088,郎玉对,21,IC,14,zhu2
16040140089,卫感臣,23,IC,14,zhu4
16040140090,金师藩,23,IC,14,zhu4
16040140091,马师余,18,IC,14,zhu2
16040140092,吴宋艳,23,IC,14,zhu4
16040140093,朱师洛,23,IC,14,zhu4
16040140094,谢斯河,20,IC,14,zhu4
16040140095,王济一,21,IC,14,zhu3
16040140096,何感域,23,IC,14,zhu3
16040140097,赵川之,18,IC,14,zhu3
16040140098,王斯君,19,IC,14,zhu4
16040140099,王还尔,18,IC,14,zhu3
16040140100,周师有,20,IC,14,zhu1
16040140101,苏人其,18,IC,14,zhu4
16040140102,赵对洛,21,IC,14,zhu3
16040140103,冯川背,19,IC,14,zhu3
16040140104,许还芝,22,IC,14,zhu2
16040140105,李有秣,18,IC,14,zhu2
16040140106,陶斯者,20,IC,14,zhu3
16040140107,汤辞之,19,IC,14,zhu2
16050110001,俞女则,21,SE,11,zhu4
16050110002,酆古之,23,SE,11,zhu2
16050110003,孔黄对,19,SE,11,zhu1
16050110004,岑之流,23,SE,11,zhu4
16050110005,葛感此,18,SE,11,zhu3
16050110006,彭余倾,23,SE,11,zhu1
16050110007,李曰状,21,SE,11,zhu1
16050110008,酆京彼,20,SE,11,zhu1
16050110009,潘还何,22,SE,11,zhu2
16050110010,章作于,20,SE,11,zhu4
16050110011,赵年流,18,SE,11,zhu3
16050110012,柏之若,20,SE,11,zhu3
16050110013,张对乃,22,SE,11,zhu1
16050110014,葛言 ,18,SE,11,zhu4
16050110015,周赋尔,21,SE,11,zhu4
16050110016,窦事仰,19,SE,11,zhu4
16050110017,许其状,20,SE,11,zhu2
16050110018,李余东,23,SE,11,zhu3
16050110019,李感王,18,SE,11,zhu2
16050110020,章斯之,19,SE,11,zhu2
16050110021,柳济艳,22,SE,11,zhu1
16050110022,谢事于,20,SE,11,zhu4
16050110023,赵还未,20,SE,11,zhu4
16050110024,周斯其,20,SE,11,zhu4
16050110025,云济骇,21,SE,11,zhu4
16050110026,李还彼,19,SE,11,zhu3
16050110027,郑年者,23,SE,11,zhu3
16050110028,汤作乃,20,SE,11,zhu3
16050110029,魏斯神,22,SE,11,zhu4
16050110030,周人之,23,SE,11,zhu4
16050110031,李玉对,19,SE,11,zhu2
16050110032,彭之阙,18,SE,11,zhu2
16050110033,花洛辕,22,SE,11,zhu1
16050110034,陶黄愿,23,SE,11,zhu1
16050110035,卫遂乎,21,SE,11,zhu4
16050110036,赵女者,20,SE,11,zhu4
16050110037,邹其骇,20,SE,11,zhu3
16050110038,王宋人,18,SE,11,zhu4
16050110039,冯师愿,23,SE,11,zhu2
16050110040,彭洛以,21,SE,11,zhu4
16050110041,柏作其,21,SE,11,zhu3
16050110042,柳曰乎,22,SE,11,zhu3
16050110043,袁神未,18,SE,11,zhu4
16050110044,韦遂之,18,SE,11,zhu1
16050110045,郑济流,18,SE,11,zhu4
16050110046,李之之,19,SE,11,zhu3
16050110047,韦楚西,21,SE,11,zhu3
16050110048,薛朝也,19,SE,11,zhu4
16050110049,凤女乎,21,SE,11,zhu1
16050110050,姜之言,18,SE,11,zhu2
16050110051,吴宓容,20,SE,11,zhu4
16050110052,喻事见,23,SE,11,zhu3
16050110053,冯宓蘅,22,SE,11,zhu4
16050110054,王其斯,22,SE,11,zhu4
16050110055,魏事景,19,SE,11,zhu3
16050110056,潘之宓,20,SE,11,zhu1
16050110057,陈洛移,18,SE,11,zhu1
16050110058,吕楚妃,20,SE,11,zhu2
16050110059,曹斯乎,23,SE,11,zhu1
16050110060,章朝援,21,SE,11,zhu3
16050110061,韩曰秣,23,SE,11,zhu3
16050110062,韩名曰,22,SE,11,zhu3
16050110063,贺斯山,23,SE,11,zhu2
16050110064,鲁楚车,18,SE,11,zhu4
16050110065,冯感俯,19,SE,11,zhu3
16050110066,任水乎,20,SE,11,zhu3
16050110067,吴女川,23,SE,11,zhu4
16050110068,酆济若,21,SE,11,zhu4
16050110069,费妃山,19,SE,11,zhu2
16050110070,贺年倾,20,SE,11,zhu3
16050110071,李年驷,21,SE,11,zhu1
16050110072,苗川散,21,SE,11,zhu3
16050110073,吕遂皋,22,SE,11,zhu3
16050110074,雷作归,19,SE,11,zhu3
16050110075,倪三伊,20,SE,11,zhu1
16050110076,马楚所,19,SE,11,zhu3
16050110077,陶曰之,18,SE,11,zhu3
16050110078,马京睹,23,SE,11,zhu1
16050110079,方名之,18,SE,11,zhu4
16050110080,费济妃,20,SE,11,zhu1
16050110081,葛斯车,21,SE,11,zhu2
16050110082,许王畔,23,SE,11,zhu2
16050110083,金余容,23,SE,11,zhu3
16050110084,严作流,20,SE,11,zhu2
16050110085,鲍人援,23,SE,11,zhu3
16050110086,薛三乎,20,SE,11,zhu3
16050110087,奚师税,19,SE,11,zhu3
16050110088,倪年阙,22,SE,11,zhu1
16050110089,施感倾,21,SE,11,zhu2
16050110090,范王何,23,SE,11,zhu4
16050110091,郑有无,21,SE,11,zhu4
16050110092,孔余其,18,SE,11,zhu2
16050110093,郑有烦,19,SE,11,zhu4
16050110094,史初乎,21,SE,11,zhu1
16050110095,王古轘,20,SE,11,zhu1
16050110096,袁神忽,18,SE,11,zhu2
16050110097,冯其域,20,SE,11,zhu4
16050110098,苗事告,18,SE,11,zhu4
16050110099,柳事河,18,SE,11,zhu2
16050110100,马朝越,21,SE,11,zhu3
16050110101,花水驾,21,SE,11,zhu1
16050110102,张对人,20,SE,11,zhu2
16050110103,汤宋京,23,SE,11,zhu3
16050110104,柏其一,20,SE,11,zhu4
16050110105,朱济殊,21,SE,11,zhu4
16050110106,窦朝与,20,SE,11,zhu2
16050110107,沈余人,18,SE,11,zhu3
16050120001,朱川妃,21,SE,12,zhu4
16050120002,戚斯乃,20,SE,12,zhu2
16050120003,任水乃,18,SE,12,zhu1
16050120004,花有乃,19,SE,12,zhu1
16050120005,戚之洛,18,SE,12,zhu4
16050120006,孙川乎,23,SE,12,zhu4
16050120007,薛事一,21,SE,12,zhu1
16050120008,张曰辕,23,SE,12,zhu4
16050120009,孙对无,18,SE,12,zhu2
16050120010,华京岩,20,SE,12,zhu1
16050120011,钱楚于,22,SE,12,zhu2
16050120012,花曰阳,18,SE,12,zhu1
16050120013,谢神臣,20,SE,12,zhu3
16050120014,喻济岩,18,SE,12,zhu4
16050120015,云赋从,19,SE,12,zhu2
16050120016,葛古若,22,SE,12,zhu2
16050120017,苏女骇,20,SE,12,zhu3
16050120018,王辞斯,19,SE,12,zhu2
16050120019,廉斯藩,23,SE,12,zhu3
16050120020,韩名睹,23,SE,12,zhu1
16050120021,薛年之,18,SE,12,zhu1
16050120022,葛神尔,21,SE,12,zhu1
16050120023,金名乃,22,SE,12,zhu3
16050120024,谢师谷,23,SE,12,zhu4
16050120025,沈对彼,21,SE,12,zhu4
16050120026,倪之对,18,SE,12,zhu3
16050120027,范初车,22,SE,12,zhu2
16050120028,马辞散,23,SE,12,zhu2
16050120029,任人尔,21,SE,12,zhu3
16050120030,孙妃睹,19,SE,12,zhu2
16050120031,范朝辕,20,SE,12,zhu3
16050120032,姜古车,19,SE,12,zhu3
16050120033,薛之彼,20,SE,12,zhu3
16050120034,何斯焉,22,SE,12,zhu4
16050120035,费三 ,22,SE,12,zhu3
16050120036,韦玉乎,23,SE,12,zhu1
16050120037,倪妃洛,20,SE,12,zhu4
16050120038,费其闻,20,SE,12,zhu1
16050120039,俞洛以,19,SE,12,zhu4
16050120040,苗王臣,20,SE,12,zhu3
16050120041,史师曰,19,SE,12,zhu1
16050120042,奚京车,18,SE,12,zhu4
16050120043,章斯对,20,SE,12,zhu4
16050120044,姜女越,21,SE,12,zhu1
16050120045,窦济御,18,SE,12,zhu1
16050120046,周之者,22,SE,12,zhu2
16050120047,吕玉驷,21,SE,12,zhu4
16050120048,奚神畔,20,SE,12,zhu1
16050120049,俞之 ,19,SE,12,zhu1
16050120050,严朝一,23,SE,12,zhu1
16050120051,奚古之,22,SE,12,zhu2
16050120052,李年山,20,SE,12,zhu2
16050120053,王水轘,23,SE,12,zhu4
16050120054,沈黄殊,23,SE,12,zhu1
16050120055,秦京林,19,SE,12,zhu4
16050120056,孔古尔,22,SE,12,zhu4
16050120057,李名观,23,SE,12,zhu3
16050120058,韦神岩,18,SE,12,zhu4
16050120059,韩人妃,20,SE,12,zhu1
16050120060,窦名日,21,SE,12,zhu4
16050120061,彭黄君,22,SE,12,zhu1
16050120062,陶名者,22,SE,12,zhu3
16050120063,孙三殆,19,SE,12,zhu3
16050120064,岑师未,20,SE,12,zhu4
16050120065,薛师无,20,SE,12,zhu2
16050120066,酆宓阙,23,SE,12,zhu3
16050120067,雷宓乎,19,SE,12,zhu2
16050120068,周辞乃,21,SE,12,zhu1
16050120069,田川御,18,SE,12,zhu2
16050120070,曹古未,18,SE,12,zhu2
16050120071,岑宋越,21,SE,12,zhu4
16050120072,张对艳,21,SE,12,zhu3
16050120073,喻妃一,20,SE,12,zhu2
16050120074,钱宋乃,19,SE,12,zhu3
16050120075,褚妃殊,18,SE,12,zhu4
16050120076,陶人陵,22,SE,12,zhu4
16050120077,俞济有,20,SE,12,zhu3
16050120078,任宋眄,22,SE,12,zhu2
16050120079,章对秣,22,SE,12,zhu3
16050120080,吴年无,23,SE,12,zhu1
16050120081,魏斯车,20,SE,12,zhu1
16050120082,韩洛尔,22,SE,12,zhu4
16050120083,许宓则,23,SE,12,zhu1
16050120084,郎事何,21,SE,12,zhu2
16050120085,周朝域,22,SE,12,zhu4
16050120086,苗其殊,19,SE,12,zhu1
16050120087,薛水既,19,SE,12,zhu3
16050120088,郑还景,18,SE,12,zhu2
16050120089,薛宓芝,19,SE,12,zhu4
16050120090,孙感河,21,SE,12,zhu1
16050120091,沈曰秣,19,SE,12,zhu3
16050120092,任曰一,23,SE,12,zhu4
16050120093,姜感斯,22,SE,12,zhu2
16050120094,任女眄,18,SE,12,zhu1
16050120095,云玉曰,21,SE,12,zhu2
16050120096,苗楚眄,21,SE,12,zhu2
16050120097,邹宋蘅,23,SE,12,zhu3
16050120098,喻黄睹,20,SE,12,zhu3
16050120099,柳遂乃,19,SE,12,zhu2
16050120100,水朝援,23,SE,12,zhu2
16050120101,雷之乃,19,SE,12,zhu4
16050120102,郑楚乎,22,SE,12,zhu3
16050120103,孔王阳,22,SE,12,zhu2
16050120104,沈名轘,22,SE,12,zhu4
16050120105,冯朝王,21,SE,12,zhu2
16050120106,许其尔,19,SE,12,zhu3
16050120107,卫初观,19,SE,12,zhu3
16050130001,唐川倾,20,SE,13,zhu3
16050130002,王楚何,21,SE,13,zhu3
16050130003,郎斯西,23,SE,13,zhu4
16050130004,周年驾,22,SE,13,zhu3
16050130005,史初忽,23,SE,13,zhu2
16050130006,袁名日,18,SE,13,zhu4
16050130007,柏京者,23,SE,13,zhu1
16050130008,严人烦,20,SE,13,zhu3
16050130009,李事东,22,SE,13,zhu2
16050130010,凤对告,19,SE,13,zhu4
16050130011,秦神殆,20,SE,13,zhu1
16050130012,酆川王,23,SE,13,zhu3
16050130013,彭言则,19,SE,13,zhu1
16050130014,柏还阙,18,SE,13,zhu2
16050130015,彭朝者,23,SE,13,zhu4
16050130016,薛事税,20,SE,13,zhu1
16050130017,酆年人,19,SE,13,zhu1
16050130018,喻水焉,20,SE,13,zhu3
16050130019,柏有言,23,SE,13,zhu2
16050130020,谢之散,20,SE,13,zhu3
16050130021,马其川,23,SE,13,zhu1
16050130022,韩其尔,21,SE,13,zhu4
16050130023,姜神则,21,SE,13,zhu1
16050130024,钱女藩,21,SE,13,zhu1
16050130025,水之背,23,SE,13,zhu1
16050130026,汤还有,21,SE,13,zhu2
16050130027,李斯乃,18,SE,13,zhu2
16050130028,鲍作蘅,18,SE,13,zhu4
16050130029,卫之车,21,SE,13,zhu4
16050130030,孔之倾,21,SE,13,zhu2
16050130031,贺辞此,22,SE,13,zhu3
16050130032,曹川艳,21,SE,13,zhu1
16050130033,朱曰状,21,SE,13,zhu2
16050130034,华名与,23,SE,13,zhu2
16050130035,华人者,23,SE,13,zhu3
16050130036,金还西,18,SE,13,zhu4
16050130037,赵初容,19,SE,13,zhu2
16050130038,魏王仰,23,SE,13,zhu3
16050130039,汤川马,20,SE,13,zhu2
16050130040,褚对经,22,SE,13,zhu1
16050130041,倪遂皋,22,SE,13,zhu1
16050130042,陶赋与,20,SE,13,zhu1
16050130043,云宋尔,19,SE,13,zhu4
16050130044,章楚倾,20,SE,13,zhu3
16050130045,周辞觌,20,SE,13,zhu1
16050130046,雷楚乃,23,SE,13,zhu3
16050130047,郑名君,21,SE,13,zhu3
16050130048,华女税,20,SE,13,zhu2
16050130049,周事西,19,SE,13,zhu3
16050130050,汤妃蘅,22,SE,13,zhu3
16050130051,郑京言,21,SE,13,zhu1
16050130052,曹妃而,23,SE,13,zhu4
16050130053,何女对,18,SE,13,zhu2
16050130054,范女从,21,SE,13,zhu2
16050130055,孙济然,22,SE,13,zhu1
16050130056,王王山,22,SE,13,zhu2
16050130057,卫余曰,18,SE,13,zhu3
16050130058,谢辞阙,18,SE,13,zhu4
16050130059,金妃乃,19,SE,13,zhu1
16050130060,金黄状,19,SE,13,zhu4
16050130061,赵斯皋,21,SE,13,zhu3
16050130062,花黄乃,18,SE,13,zhu3
16050130063,姜曰越,20,SE,13,zhu1
16050130064,贺洛阳,22,SE,13,zhu3
16050130065,吴曰闻,18,SE,13,zhu4
16050130066,柏京神,21,SE,13,zhu1
16050130067,郑王骇,18,SE,13,zhu3
16050130068,王斯尔,20,SE,13,zhu3
16050130069,金言其,22,SE,13,zhu4
16050130070,韦有有,21,SE,13,zhu2
16050130071,方楚烦,22,SE,13,zhu4
16050130072,葛京轘,20,SE,13,zhu2
16050130073,贺玉经,22,SE,13,zhu3
16050130074,吴作河,22,SE,13,zhu4
16050130075,钱之归,22,SE,13,zhu1
16050130076,陶玉田,20,SE,13,zhu1
16050130077,陶有斯,21,SE,13,zhu3
16050130078,王济谷,21,SE,13,zhu1
16050130079,酆事岩,20,SE,13,zhu4
16050130080,汤人倾,20,SE,13,zhu3
16050130081,卫赋驾,18,SE,13,zhu2
16050130082,花言川,23,SE,13,zhu4
16050130083,苏初移,18,SE,13,zhu3
16050130084,严宓彼,21,SE,13,zhu1
16050130085,尤三倾,21,SE,13,zhu4
16050130086,窦洛乃,18,SE,13,zhu2
16050130087,邹三君,18,SE,13,zhu4
16050130088,吴济人,22,SE,13,zhu3
16050130089,潘斯眄,18,SE,13,zhu1
16050130090,王京斯,18,SE,13,zhu1
16050130091,范感是,19,SE,13,zhu1
16050130092,何言烦,19,SE,13,zhu3
16050130093,贺初臣,22,SE,13,zhu2
16050130094,费有神,20,SE,13,zhu3
16050130095,葛作乃,21,SE,13,zhu2
16050130096,姜对蘅,18,SE,13,zhu2
16050130097,秦古于,19,SE,13,zhu4
16050130098,郑人乎,18,SE,13,zhu1
16050130099,雷人林,23,SE,13,zhu4
16050130100,吕名山,22,SE,13,zhu3
16050130101,韦黄乃,22,SE,13,zhu4
16050130102,柳楚斯,19,SE,13,zhu4
16050130103,钱宓之,23,SE,13,zhu1
16050130104,孙言者,21,SE,13,zhu3
16050130105,陈曰者,23,SE,13,zhu1
16050130106,郑有伊,23,SE,13,zhu1
16050130107,褚言背,22,SE,13,zhu2
16050140001,许妃乃,19,SE,14,zhu3
16050140002,金之从,20,SE,14,zhu2
16050140003,周神西,19,SE,14,zhu3
16050140004,钱妃林,23,SE,14,zhu1
16050140005,朱朝驷,22,SE,14,zhu1
16050140006,鲁还君,18,SE,14,zhu4
16050140007,褚水神,18,SE,14,zhu3
16050140008,喻有一,19,SE,14,zhu1
16050140009,史师域,20,SE,14,zhu1
16050140010,田遂于,20,SE,14,zhu1
16050140011,许水殆,18,SE,14,zhu3
16050140012,花黄藩,23,SE,14,zhu4
16050140013,奚川之,21,SE,14,zhu4
16050140014,卫黄未,21,SE,14,zhu4
16050140015,蒋曰察,21,SE,14,zhu3
16050140016,王赋车,23,SE,14,zhu2
16050140017,赵水辕,19,SE,14,zhu4
16050140018,王之之,22,SE,14,zhu2
16050140019,苏对伊,21,SE,14,zhu4
16050140020,酆王畔,22,SE,14,zhu2
16050140021,郑玉日,21,SE,14,zhu4
16050140022,方宓有,20,SE,14,zhu2
16050140023,邹有余,18,SE,14,zhu3
16050140024,孙三曰,23,SE,14,zhu2
16050140025,史斯东,19,SE,14,zhu2
16050140026,葛妃人,21,SE,14,zhu1
16050140027,韦还人,23,SE,14,zhu2
16050140028,魏水通,21,SE,14,zhu3
16050140029,吴遂御,21,SE,14,zhu2
16050140030,岑曰对,19,SE,14,zhu4
16050140031,鲍宋车,18,SE,14,zhu2
16050140032,昌洛之,18,SE,14,zhu2
16050140033,郑曰忽,21,SE,14,zhu1
16050140034,赵之而,20,SE,14,zhu3
16050140035,雷川山,22,SE,14,zhu2
16050140036,袁神与,18,SE,14,zhu4
16050140037,周曰陵,21,SE,14,zhu2
16050140038,潘遂乃,22,SE,14,zhu3
16050140039,钱妃告,22,SE,14,zhu3
16050140040,周遂经,20,SE,14,zhu4
16050140041,吕赋妃,18,SE,14,zhu3
16050140042,雷之乃,18,SE,14,zhu2
16050140043,吕感之,22,SE,14,zhu3
16050140044,潘事见,20,SE,14,zhu2
16050140045,郑有车,21,SE,14,zhu1
16050140046,马京乎,22,SE,14,zhu4
16050140047,奚有有,21,SE,14,zhu2
16050140048,杨王经,20,SE,14,zhu4
16050140049,奚名辕,20,SE,14,zhu1
16050140050,吴辞于,18,SE,14,zhu2
16050140051,窦感之,20,SE,14,zhu4
16050140052,韦师殆,22,SE,14,zhu4
16050140053,曹还对,22,SE,14,zhu2
16050140054,潘宓倾,19,SE,14,zhu4
16050140055,唐有倾,18,SE,14,zhu1
16050140056,昌神芝,21,SE,14,zhu3
16050140057,史事乃,18,SE,14,zhu4
16050140058,酆济曰,21,SE,14,zhu3
16050140059,赵其藩,21,SE,14,zhu2
16050140060,周济若,20,SE,14,zhu4
16050140061,昌济西,21,SE,14,zhu1
16050140062,朱宓有,19,SE,14,zhu4
16050140063,陶感阙,19,SE,14,zhu3
16050140064,章年仰,19,SE,14,zhu4
16050140065,赵之若,20,SE,14,zhu2
16050140066,雷妃臣,20,SE,14,zhu2
16050140067,昌事臣,18,SE,14,zhu2
16050140068,钱人流,20,SE,14,zhu1
16050140069,汤年京,22,SE,14,zhu2
16050140070,苏感宓,20,SE,14,zhu2
16050140071,俞朝尔,18,SE,14,zhu2
16050140072,汤三臣,18,SE,14,zhu2
16050140073,吕神越,20,SE,14,zhu1
16050140074,薛玉状,22,SE,14,zhu1
16050140075,冯还田,23,SE,14,zhu4
16050140076,昌斯闻,21,SE,14,zhu3
16050140077,李王察,22,SE,14,zhu4
16050140078,云名未,18,SE,14,zhu4
16050140079,姜感是,21,SE,14,zhu2
16050140080,薛名何,18,SE,14,zhu1
16050140081,许济神,19,SE,14,zhu2
16050140082,郑宓洛,22,SE,14,zhu1
16050140083,马玉乎,21,SE,14,zhu4
16050140084,王对岩,20,SE,14,zhu4
16050140085,水人之,19,SE,14,zhu2
16050140086,苗曰告,18,SE,14,zhu4
16050140087,金余皋,19,SE,14,zhu2
16050140088,花师西,22,SE,14,zhu4
16050140089,花辞日,23,SE,14,zhu4
16050140090,雷玉曰,20,SE,14,zhu2
16050140091,姜古乃,23,SE,14,zhu4
16050140092,王感阳,20,SE,14,zhu3
16050140093,凤宓君,18,SE,14,zhu4
16050140094,邹神而,18,SE,14,zhu4
16050140095,郑楚尔,20,SE,14,zhu4
16050140096,金作山,20,SE,14,zhu1
16050140097,岑人归,22,SE,14,zhu3
16050140098,范有通,18,SE,14,zhu1
16050140099,倪神移,18,SE,14,zhu4
16050140100,苗之俯,20,SE,14,zhu2
16050140101,潘水既,23,SE,14,zhu3
16050140102,韦名丽,18,SE,14,zhu2
16050140103,孙之陵,21,SE,14,zhu1
16050140104,李宋名,19,SE,14,zhu1
16050140105,孙玉税,20,SE,14,zhu4
16050140106,云言以,18,SE,14,zhu2
16050140107,酆妃税,18,SE,14,zhu2
